,tau,expected_Atrial Cardiomyocyte,expected_Ventricular Cardiomyocyte,expected_Fibroblast,expected_Endothelial cell,expected_Lymphatic Endothelial cell,expected_Mural cell,expected_Mesothelial cell,expected_Neural cell,expected_Adipocyte,expected_Myeloid,expected_Lymphoid,expected_Mast cell
JUN,0.5865423,0.05747471497367388,0.11952951124850095,0.07166213983040676,0.44374220739829257,0.11806959065691384,0.06579956344757018,0.6437804078649776,0.12113773645464657,0.114907143847368,0.1454760378209035,0.31367153858939506,0.0012785842128528238
ATF2,0.37935475,0.11722590790964192,0.08396394652469827,0.06496647537512322,0.025763214339861323,0.08435960925223744,0.025972022070922134,0.0796952165571608,0.044201833627188686,0.18327732410734424,0.07145549387709844,0.022894332711400636,0.018090390903333423
CASP8,0.8661589,0.0005531748330164552,0.0005790953334005044,0.0027446069884622315,0.00164395641886931,0.0009472016345810247,0.0001705650914733496,0.007434039264776398,0.00039425814410092713,0.009654843919442848,0.01390506556293898,0.13788584653183789,0.02459246945490531
RIPK1,0.48298776,0.0322960397893432,0.03405769831166871,0.034980205116762954,0.01241962036025066,0.04854228201980296,0.023607943794813107,0.022905404585199525,0.019334514977816044,0.13618003848745858,0.037768950374439926,0.013980488935105062,0.020423067593921925
TNF,0.8428629,1.2371317498475649e-08,3.230020689885612e-08,7.450584547565114e-07,0.001548877970664058,8.866681382923052e-06,8.866311473930229e-07,1.5570242451318843e-05,1.900312590616162e-07,7.526345749985652e-07,0.0017509955647843577,0.0024801651212441275,3.9142797235148183e-05
MAPK14,0.47391054,0.10638908258346172,0.06112000413411291,0.0462666925694129,0.024577097679552417,0.12260257659271417,0.013625513048648775,0.07174531806722043,0.03936515991077867,0.28383494403881787,0.15304360129494043,0.03900868779209909,0.08785880395224849
MAP3K7,0.26719788,0.06169675970907885,0.034735558880646875,0.04311962990896199,0.02140876965252448,0.04288584304592324,0.01234267420111014,0.05582719917216161,0.020186403841095293,0.0819257204788434,0.060060190383952085,0.01862552333508073,0.011119702701239216
TAB2,0.4622409,0.0946762058317943,0.07489579501571343,0.10122743983986472,0.017199464087082693,0.0475216530464791,0.011639268273990082,0.060649121608391275,0.07695407642496564,0.13237164876809246,0.1859469736294184,0.0514520250117929,0.040972735903678684
TAB3,0.48485965,0.01597896808215257,0.007743704595286259,0.00508251239382963,0.0028303732552264044,0.005700102500243536,0.0009454329976475407,0.008005414936998145,0.002055492960940456,0.011817949623155917,0.019282623769076725,0.0028403768409036075,0.012058848120107307
XIAP,0.40639982,0.08227413762789644,0.0747585953067992,0.04605088506033859,0.03276523014134017,0.07710004888446174,0.018886487594824117,0.03460067527521976,0.022312623123789944,0.15580310039920697,0.07064049124801162,0.020492608763080816,0.0237837706024558
IKBKG,0.30297482,0.0013849050423595294,0.001270036704794911,0.0021201491746625804,0.003032161736142966,0.002526430825929384,0.0014614115821668184,0.004697800725839447,0.0010942546985492141,0.005572342376775097,0.0033870109744891263,0.0033427465498691365,0.000729700788670595
TRAF2,0.2521662,0.0022979857404644196,0.003570150240754132,0.0013709560883420383,0.002556633979505896,0.002588196452635135,0.000751963291347962,0.002376873032062146,0.0005694323887964707,0.0033005165531632655,0.0011827416831881534,0.002274068721023209,0.0012426645295464279
FADD,0.655225,6.949388530821913e-05,7.114340511397419e-05,0.0002811556464970978,0.0023916269653147426,0.0008054423401254485,0.0002617160221265545,0.002738806472821628,0.00013665821261499194,0.000331486907365173,0.00028023472408502303,0.0006484573956762231,2.2501767152107156e-05
BIRC3,0.7741869,0.0009603621457011052,0.000690204863042963,0.005616748359529651,0.021932662410734452,0.002469675570841462,8.931556678290835e-05,0.18911465982727657,0.028266219385654604,0.0007769241224729641,0.017123072090020227,0.08574102488559777,0.010262427108711123
BIRC2,0.33953702,0.022705307700771567,0.016527901863265467,0.02383984417507949,0.0263551419522163,0.022077806380264544,0.007220626549829587,0.03333455924730653,0.024217450042229624,0.03518068110527759,0.04588029777109379,0.020551299336236683,0.004780952207024395
MAPK8,0.39591798,0.2942038892294923,0.2128034490364724,0.09728388179087259,0.03640476172742977,0.07618080285525229,0.043578856803522616,0.0881313154352309,0.07998497581165098,0.24187927905717235,0.08078790384167314,0.039137068398977855,0.06021244662295659
CHUK,0.4071121,0.008709654805629661,0.00735941969878297,0.00902897011434573,0.005018996432735768,0.007145808447281826,0.005166405270865617,0.007152307782121278,0.003886103463547354,0.025765747787427653,0.013531164620798222,0.002887386391587342,0.0017743851131062473
TNFRSF1A,0.55938333,0.004571300144790007,0.0015978779027287417,0.0931898400009937,0.1246926823429162,0.08330209248314493,0.04150336915683308,0.2479645440120571,0.040210426285777416,0.14391078692788267,0.17568241465037462,0.00960772152281278,0.0005731835189344299
TRAF3,0.64825,0.008891847776323092,0.004000909545692136,0.08052840224861825,0.0038459406952264935,0.030678856165712864,0.0042621609037845395,0.06850424360980825,0.011278687746493847,0.23032466440627533,0.08356914432570921,0.018319982413198637,0.012546616699395795
TRADD,0.6141317,0.0005339585426493852,0.0003355743037187574,0.001683986176673274,0.004014280292646617,0.004676923673585574,0.0017575222197154141,0.012014576930873442,0.0009089176695230178,0.0017083829228607937,0.003296404044423365,0.00975923681324208,0.00015376855433791377
MAP2K4,0.2845604,0.17313976596932726,0.1426765342192472,0.07931625211101997,0.017310409756365087,0.0686919465948716,0.03387076639316907,0.08055116375776089,0.06957790532777476,0.17216095726039626,0.07107428929882995,0.027389399752160745,0.043476008429632784
CCL5,0.99049956,8.830347436303882e-05,7.750421844654877e-06,1.6829119211685514e-05,7.87059074691038e-06,5.073123485655398e-05,1.749796288082675e-06,7.192301938386042e-05,5.59272693497686e-05,9.34898238485303e-05,0.002854243131820312,0.5918667141750817,3.869762403927683e-05
MAP2K6,0.7623694,0.0004318404854874618,0.000556204086008935,0.009639653795023052,0.0012995665628161477,0.0034693265513563707,0.018084720000497146,0.0007881442491976631,0.006265573203563689,0.10767385518530212,0.00253281749592836,0.010075608192295872,0.003710110832148478
TAB1,0.42494956,0.011300837748606763,0.017007946084213396,0.0038133423714315504,0.0013903151418717568,0.0027205128985022023,0.0030943802388571267,0.0033973034756749785,0.008541822843017336,0.013057460533890815,0.0026428684744660394,0.002084683302821915,0.002221123063590034
ATF4,0.45158282,0.04586504971142889,0.04271700444897085,0.05876458815846853,0.12779434501211487,0.062439292922443414,0.04738600275309372,0.12428124095317657,0.024512086321277157,0.21395158046471785,0.066212220719642,0.04436519441979816,0.0024785966774739255
