,tau,expected_Atrial Cardiomyocyte,expected_Ventricular Cardiomyocyte,expected_Fibroblast,expected_Endothelial cell,expected_Lymphatic Endothelial cell,expected_Mural cell,expected_Mesothelial cell,expected_Neural cell,expected_Adipocyte,expected_Myeloid,expected_Lymphoid,expected_Mast cell
CDC42,0.5190489,0.0467649342678889,0.04398836699323645,0.05180955557794513,0.35976968025971734,0.2540638338184725,0.07302953108291639,0.15293393190333385,0.05041171203960072,0.09642294498622107,0.29777546595146454,0.23376734935398344,0.020138025283813477
CTNNA2,0.57038677,0.002444170098219089,0.001674041041243802,0.0012925695879554538,0.00020630092084836127,0.006028891139048867,0.0008149994247044688,0.00706484593105632,0.002655390452011875,0.004492522800308673,0.00028894709569730155,0.00014538346678341443,0.004589572508658065
CTNNB1,0.43989974,0.14163336230241955,0.07126588285560032,0.09283862583886182,0.276809093026733,0.23102517127990724,0.057407581028193315,0.24669057779303113,0.08519387648423177,0.12262339825440115,0.3519945122654795,0.06164049895715105,0.04026887430349557
RHOA,0.5744079,0.024415632341275254,0.039775077675314754,0.112864896284537,0.5569049002475999,0.27379810589160697,0.09893894304060312,0.16374663711158083,0.09105574865061795,0.1837315844497813,0.47372713032381886,0.19334560944098222,0.021749747407417072
CTNNA1,0.51600057,0.4207298513701085,0.5754645934484219,0.25659713297483305,0.3460724505846602,0.4562769786731617,0.15219018296803907,0.24928702514128745,0.7915593940878304,0.519158881358956,0.2992183523985625,0.010001092142301486,0.04239298791674364
AFDN,0.6816934,0.18172695619690066,0.11176948147842453,0.12229696011483694,0.6039004611595515,0.47861198062602156,0.0038860972195733506,0.3728781773892911,0.00979476530083498,0.1902672564521331,0.013523836131726495,0.0037122994356994002,0.00357840380280068
ACTB,0.49720523,0.8203124175939269,0.6837776705287473,0.39410421854557426,1.7288168092693361,0.6613164047476868,0.5312123421931174,1.0123318607444005,0.28652201823797946,0.1465878678960877,1.2919916803656104,1.3570496151453229,0.010665893265188416
RAC1,0.68541086,0.02969000503725597,0.02921826995264208,0.0960699204641105,0.7956355194225815,0.29931239179662755,0.12898443173593083,0.23719775490639,0.09982321144266455,0.0905370282266616,0.3879713352792939,0.0683292451354763,0.014449721918965569
SMURF1,0.543654,0.06883525000167229,0.07350215131794798,0.14548242628792402,0.019071895527837845,0.08049440061723863,0.07957482377415312,0.0752464353248773,0.1290383700588541,0.42100596694621734,0.08616811777456533,0.017753066691026557,0.07252789450798303
WASL,0.3577256,0.09102537509899684,0.06958283247560643,0.04275444860516402,0.02937631269769657,0.03675791968710174,0.020596763046104454,0.041757582419868225,0.02002354224114863,0.1055320877718591,0.0388028283159397,0.006198106357978307,0.009524474192875112
CTNND1,0.45836422,0.15581089513562696,0.06998625017976444,0.06788264225516323,0.17759748220688482,0.20866532749190753,0.021180647812127584,0.07182904584518332,0.09704012567994819,0.10675789622672997,0.15825946466608334,0.0012836510547377805,0.004514802369920872
CTNNA3,0.8665075,2.606141773633589,3.3094441147469666,0.0026318430920541968,0.0003889020148806779,0.008231457296945872,0.04047510139665872,0.18622473183959412,0.10769400795360808,0.04970623985019766,0.0022455298938388857,0.0003133612960617669,0.005768737239543001
VCL,0.65105706,0.648480356839224,0.880222695135469,0.12152854204544841,0.0660095685426058,0.037586910545135556,0.14856629162705118,0.08318638733906236,0.1705984924538767,0.37928204775344904,0.029522075702636603,0.008921112744730324,0.019296535400847647
RAP1B,0.42524463,0.11089730315206253,0.06564151631861301,0.21275207864167892,0.2747514991079291,0.4572256143028672,0.12392502643299258,0.32515532872309183,0.10935120714355258,0.45051620865649494,0.5088683580872856,0.5192486400751957,0.0832741272751859
ACTN1,0.594866,0.35660893339070193,0.10809713992304411,0.0891396600771553,0.16078277934681284,0.5103698992821241,0.09141513039443395,0.17948662129459,0.014621897769078716,0.5056213486451925,0.046865144977699204,0.0010036889763515935,0.00027441179919615995
SMAD3,0.64515615,0.11254623981819487,0.04203602306888185,0.335021823025299,0.02139954271708499,0.02792036786502853,0.01627050078020162,0.1277563584899722,0.015331906036141056,0.39976693046774775,0.013299211174712104,0.05082142614225793,0.014887242689045196
IQGAP1,0.5751009,0.051849072321122194,0.08874086433686881,0.17053394398924657,0.18167194942073547,0.19693220002310616,0.09399015709283244,0.20669762938227873,0.14799196101394313,0.21681023598168053,0.7575823340899783,0.2560304504567419,0.23636784768400484
SMURF2,0.34193003,0.07586089673105341,0.059807726001053156,0.14433234443676984,0.051939229726619136,0.11041588847701612,0.022883917295404958,0.0890407491203965,0.05757487765776359,0.14581401012479855,0.1262191907414588,0.04691345349818781,0.04073491433602182
BAIAP2,0.6197162,0.017417202797190702,0.005932548754673176,0.0006303900476573563,0.0073343705057458755,0.01533431976918548,1.9062963058864676e-05,0.02861356656282943,0.005078150719467227,0.0018702947437922862,0.008041040884874964,0.00013707980427473375,7.940222661493921e-05
ACTG1,0.5737804,0.35385049072322206,0.48685428005110937,0.22931191494583086,1.1138725733649146,0.263012856129974,0.3289166569667607,0.6883994339768799,0.1749347945924469,0.05162332715604256,0.4505544118683169,0.6436245102301119,0.0026575165443399823
MYL9,0.7433416,0.8226041341040338,0.4593065130086146,0.030259694216507056,0.06717567108261337,0.007234068381740319,0.6590516511291568,0.14269000579415342,0.055983556141416965,0.05012112700725064,0.002454606772491387,0.00036842669254583967,0.00017419182411477943
SRC,0.6638064,0.0008437042940143551,0.00010269862017026574,0.004566531594883013,8.12090148067235e-06,0.0004743388577087505,0.0017637880787139547,0.003250582349841732,0.0066238358679835945,0.004651689111050121,0.0040311192498854115,6.246527026265193e-05,3.914607018312762e-05
ACTN4,0.4873152,0.40832949030809834,0.38017874247538613,0.045919043576504524,0.39322805622766993,0.14927478416545972,0.10146325773817742,0.18645130110553895,0.03329190597437689,0.22825720849442105,0.057345723501281184,0.09447651971650252,0.0312204470971566
EP300,0.35688,0.09305813912406848,0.08005198025455272,0.0870329803422448,0.032665808637497254,0.07175570947323066,0.04485550751180551,0.07119335745908002,0.07680831656503519,0.20552832288724784,0.16811899457480217,0.048530772733761066,0.037835541523538664
