"AverageShortestPathLength","BetweennessCentrality","ClosenessCentrality","ClusteringCoefficient","Column1","Column3","Column4","Column5","Column6","Degree","Eccentricity","IsSingleNode","name","NeighborhoodConnectivity","NumberOfDirectedEdges","NumberOfUndirectedEdges","PartnerOfMultiEdgedNodePairs","Radiality","selected","SelfLoops","shared name","Stress","TopologicalCoefficient"
"4.401408450704225","0.24293277394865648","0.2272","0.6666666666666666","HUMAN|HGNC=232|UniProtKB=Q08828","Adenylate cyclase type 1;ADCY1;PTN002484502;orthologs","ADENYLATE CYCLASE TYPE 1 (PTHR45627:SF26)","adenylate cyclase(PC00043)","Homo sapiens","3","10","false","ADCY1","13.666666666666666","0","3","0","0.9055164319248826","false","0","ADCY1","35370","0.36936936936936937"
"4.394366197183099","0.25701728099091","0.22756410256410253","0.3333333333333333","HUMAN|HGNC=239|UniProtKB=P40145","Adenylate cyclase type 8;ADCY8;PTN002484507;orthologs","ADENYLATE CYCLASE TYPE 8 (PTHR45627:SF1)","adenylate cyclase(PC00043)","Homo sapiens","4","10","false","ADCY8","10.25","0","4","0","0.9057120500782473","false","0","ADCY8","35904","0.2777777777777778"
"4.323943661971831","0.5713357715900506","0.23127035830618892","0.14772727272727273","HUMAN|HGNC=1442|UniProtKB=P0DP23","Calmodulin-1;CALM1;PTN002507335;orthologs","CALMODULIN-1 (PTHR23050:SF531)","calmodulin-related(PC00061)","Homo sapiens","33","11","false","CALM1","8.272727272727273","0","33","0","0.9076682316118936","false","0","CALM1","76226","0.12165775401069519"
"4.492957746478873","0.503346319049046","0.22257053291536052","0.16666666666666666","HUMAN|HGNC=234|UniProtKB=O60266","Adenylate cyclase type 3;ADCY3;PTN002484496;orthologs","ADENYLATE CYCLASE TYPE 3 (PTHR45627:SF30)","adenylate cyclase(PC00043)","Homo sapiens","4","9","false","ADCY3","2.5","0","4","0","0.9029733959311425","false","0","ADCY3","71286","0.4"
"5.767605633802817","0.0","0.17338217338217338","0.0","HUMAN|HGNC=233|UniProtKB=Q08462","Adenylate cyclase type 2;ADCY2;PTN002484530;orthologs","ADENYLATE CYCLASE TYPE 2 (PTHR45627:SF6)","adenylate cyclase(PC00043)","Homo sapiens","1","10","false","ADCY2","13.0","0","1","0","0.867566510172144","false","0","ADCY2","0","0.0"
"4.774647887323944","0.5755668764359205","0.2094395280235988","0.05128205128205128","HUMAN|HGNC=4392|UniProtKB=Q5JWF2","Guanine nucleotide-binding protein G(s) subunit alpha isoforms XLas;GNAS;PTN002469287;orthologs","GUANINE NUCLEOTIDE-BINDING PROTEIN G(S) SUBUNIT ALPHA ISOFORMS XLAS (PTHR10218:SF348)","heterotrimeric G-protein(PC00117)","Homo sapiens","13","9","false","GNAS","2.0","0","13","0","0.8951486697965572","false","0","GNAS","74314","0.13846153846153847"
"5.485915492957746","0.0","0.1822849807445443","0.0","HUMAN|HGNC=240|UniProtKB=O60503","Adenylate cyclase type 9;ADCY9;PTN002484518;orthologs","ADENYLATE CYCLASE TYPE 9 (PTHR45627:SF8)","adenylate cyclase(PC00043)","Homo sapiens","1","10","false","ADCY9","4.0","0","1","0","0.8753912363067293","false","0","ADCY9","0","0.0"
"4.626760563380282","0.49355708720407554","0.2161339421613394","0.0","HUMAN|HGNC=4388|UniProtKB=P38405","Guanine nucleotide-binding protein G(olf) subunit alpha;GNAL;PTN002469286;orthologs","GUANINE NUCLEOTIDE-BINDING PROTEIN G(OLF) SUBUNIT ALPHA (PTHR10218:SF233)","heterotrimeric G-protein(PC00117)","Homo sapiens","2","8","false","GNAL","8.5","0","2","0","0.8992566510172144","false","0","GNAL","70488","0.5"
"5.387323943661972","0.0","0.18562091503267975","0.0","HUMAN|HGNC=235|UniProtKB=Q8NFM4","Adenylate cyclase type 4;ADCY4;PTN002484529;orthologs","ADENYLATE CYCLASE TYPE 4 (PTHR45627:SF10)","adenylate cyclase(PC00043)","Homo sapiens","1","11","false","ADCY4","4.0","0","1","0","0.8781298904538342","false","0","ADCY4","0","0.0"
"5.176056338028169","0.4237338927180102","0.19319727891156463","0.0","HUMAN|HGNC=263|UniProtKB=P29274","Adenosine receptor A2a;ADORA2A;PTN002517545;orthologs","ADENOSINE RECEPTOR A2A (PTHR24246:SF47)","G-protein coupled receptor(PC00021)","Homo sapiens","4","10","false","ADORA2A","4.75","0","4","0","0.8839984350547732","false","0","ADORA2A","64864","0.26785714285714285"
"5.654929577464789","0.17830386574767756","0.1768368617683686","0.0","HUMAN|HGNC=8032|UniProtKB=Q16620","BDNF_NT-3 growth factors receptor;NTRK2;PTN002521368;orthologs","BDNF_NT-3 GROWTH FACTORS RECEPTOR (PTHR24416:SF136)","transmembrane signal receptor(PC00197)","Homo sapiens","2","11","false","NTRK2","8.0","0","2","0","0.8706964006259781","false","0","NTRK2","30528","0.5384615384615384"
"6.169014084507042","0.0","0.16210045662100458","0.0","HUMAN|HGNC=264|UniProtKB=P29275","Adenosine receptor A2b;ADORA2B;PTN002517553;orthologs","ADENOSINE RECEPTOR A2B (PTHR24246:SF18)","G-protein coupled receptor(PC00021)","Homo sapiens","1","11","false","ADORA2B","4.0","0","1","0","0.85641627543036","false","0","ADORA2B","0","0.0"
"5.619718309859155","0.22168947491093133","0.17794486215538846","0.0","HUMAN|HGNC=8031|UniProtKB=P04629","High affinity nerve growth factor receptor;NTRK1;PTN002521367;orthologs","HIGH AFFINITY NERVE GROWTH FACTOR RECEPTOR (PTHR24416:SF370)","transmembrane signal receptor(PC00197)","Homo sapiens","3","11","false","NTRK1","6.0","0","3","0","0.8716744913928012","false","0","NTRK1","32912","0.35714285714285715"
"1.0","0.0","1.0","1.0","HUMAN|HGNC=277|UniProtKB=P35348","Alpha-1A adrenergic receptor;ADRA1A;PTN002517624;orthologs","ALPHA-1A ADRENERGIC RECEPTOR (PTHR24248:SF16)","G-protein coupled receptor(PC00021)","Homo sapiens","2","1","false","ADRA1A","2.0","0","2","0","1.0","false","0","ADRA1A","0","1.0"
"1.0","0.0","1.0","1.0","HUMAN|HGNC=278|UniProtKB=P35368","Alpha-1B adrenergic receptor;ADRA1B;PTN002517625;orthologs","ALPHA-1B ADRENERGIC RECEPTOR (PTHR24248:SF17)","G-protein coupled receptor(PC00021)","Homo sapiens","2","1","false","ADRA1B","2.0","0","2","0","1.0","false","0","ADRA1B","0","1.0"
"1.0","0.0","1.0","1.0",,,,,,"2","1","false","ADRA1D","2.0","0","2","0","1.0","false","0","ADRA1D","0","1.0"
"1.0","0.0","1.0","1.0","HUMAN|HGNC=285|UniProtKB=P08588","Beta-1 adrenergic receptor;ADRB1;PTN002517628;orthologs","BETA-1 ADRENERGIC RECEPTOR (PTHR24248:SF54)","G-protein coupled receptor(PC00021)","Homo sapiens","2","1","false","ADRB1","2.0","0","2","0","1.0","false","0","ADRB1","0","1.0"
"1.0","0.0","1.0","1.0","HUMAN|HGNC=286|UniProtKB=P07550","Beta-2 adrenergic receptor;ADRB2;PTN002517629;orthologs","BETA-2 ADRENERGIC RECEPTOR (PTHR24248:SF21)","G-protein coupled receptor(PC00021)","Homo sapiens","2","1","false","ADRB2","2.0","0","2","0","1.0","false","0","ADRB2","0","1.0"
"1.0","0.0","1.0","1.0","HUMAN|HGNC=288|UniProtKB=P13945","Beta-3 adrenergic receptor;ADRB3;PTN002517630;orthologs","BETA-3 ADRENERGIC RECEPTOR (PTHR24248:SF3)","G-protein coupled receptor(PC00021)","Homo sapiens","2","1","false","ADRB3","2.0","0","2","0","1.0","false","0","ADRB3","0","1.0"
"5.936619718309859","0.0","0.16844602609727166","1.0","HUMAN|HGNC=757|UniProtKB=Q12797","Aspartyl_asparaginyl beta-hydroxylase;ASPH;PTN002487747;orthologs","ASPARTYL_ASPARAGINYL BETA-HYDROXYLASE (PTHR12366:SF33)","protein modifying enzyme(PC00260)","Homo sapiens","6","13","false","ASPH","8.166666666666666","0","6","0","0.8628716744913928","false","0","ASPH","0","0.5444444444444444"
"5.936619718309859","0.0","0.16844602609727166","1.0","HUMAN|HGNC=1513|UniProtKB=O14958","Calsequestrin-2;CASQ2;PTN002467414;orthologs","CALSEQUESTRIN-2 (PTHR10033:SF15)","calcium-binding protein(PC00060)","Homo sapiens","6","13","false","CASQ2","8.166666666666666","0","6","0","0.8628716744913928","false","0","CASQ2","0","0.5444444444444444"
"5.901408450704225","0.06842473279392668","0.1694510739856802","0.7142857142857143","HUMAN|HGNC=12261|UniProtKB=Q13061","Triadin;TRDN;PTN002493811;orthologs","TRIADIN (PTHR14106:SF0)",,"Homo sapiens","7","13","false","TRDN","7.428571428571429","0","7","0","0.863849765258216","false","0","TRDN","8974","0.42857142857142855"
"5.014084507042254","0.1168580760976186","0.199438202247191","0.4175824175824176","HUMAN|HGNC=10483|UniProtKB=P21817","Ryanodine receptor 1;RYR1;PTN002492392;orthologs","RYANODINE RECEPTOR 1 (PTHR46399:SF10)",,"Homo sapiens","14","12","false","RYR1","11.928571428571429","0","14","0","0.8884976525821595","false","0","RYR1","14886","0.22939560439560439"
"5.570422535211268","0.013576200633085123","0.17951959544879897","0.7142857142857143","HUMAN|HGNC=10484|UniProtKB=Q92736","Ryanodine receptor 2;RYR2;PTN002492397;orthologs","RYANODINE RECEPTOR 2 (PTHR46399:SF7)",,"Homo sapiens","8","13","false","RYR2","13.25","0","8","0","0.8730438184663537","false","0","RYR2","2222","0.30113636363636365"
"5.936619718309859","0.0","0.16844602609727166","1.0","HUMAN|HGNC=1512|UniProtKB=P31415","Calsequestrin-1;CASQ1;PTN002467413;orthologs","CALSEQUESTRIN-1 (PTHR10033:SF14)","calcium-binding protein(PC00060)","Homo sapiens","6","13","false","CASQ1","8.166666666666666","0","6","0","0.8628716744913928","false","0","CASQ1","0","0.5444444444444444"
"5.570422535211268","0.013576200633085123","0.17951959544879897","0.7142857142857143","HUMAN|HGNC=10485|UniProtKB=Q15413","Ryanodine receptor 3;RYR3;PTN002492395;orthologs","RYANODINE RECEPTOR 3 (PTHR46399:SF9)",,"Homo sapiens","8","13","false","RYR3","13.25","0","8","0","0.8730438184663537","false","0","RYR3","2222","0.30113636363636365"
"7.802816901408451","0.004628242266839794","0.12815884476534295","0.8333333333333334","HUMAN|HGNC=811|UniProtKB=O14983","Sarcoplasmic_endoplasmic reticulum calcium ATPase 1;ATP2A1;PTN002533889;orthologs","SARCOPLASMIC_ENDOPLASMIC RETICULUM CALCIUM ATPASE 1 (PTHR42861:SF24)","primary active transporter(PC00068)","Homo sapiens","4","15","false","ATP2A1","3.75","0","4","0","0.8110328638497653","false","0","ATP2A1","1286","0.75"
"6.838028169014085","0.05513934671860952","0.1462409886714727","0.5","HUMAN|HGNC=5178|UniProtKB=P23327","Sarcoplasmic reticulum histidine-rich calcium-binding protein;HRC;PTN002495417;orthologs","SARCOPLASMIC RETICULUM HISTIDINE-RICH CALCIUM-BINDING PROTEIN (PTHR15054:SF3)",,"Homo sapiens","4","14","false","HRC","4.75","0","4","0","0.8378325508607198","false","0","HRC","7704","0.45"
"7.802816901408451","0.004628242266839794","0.12815884476534295","0.8333333333333334","HUMAN|HGNC=813|UniProtKB=Q93084","Sarcoplasmic_endoplasmic reticulum calcium ATPase 3;ATP2A3;PTN002533888;orthologs","SARCOPLASMIC_ENDOPLASMIC RETICULUM CALCIUM ATPASE 3 (PTHR42861:SF6)","primary active transporter(PC00068)","Homo sapiens","4","15","false","ATP2A3","3.75","0","4","0","0.8110328638497653","false","0","ATP2A3","1286","0.75"
"7.802816901408451","0.004628242266839794","0.12815884476534295","0.8333333333333334","HUMAN|HGNC=812|UniProtKB=P16615","Sarcoplasmic_endoplasmic reticulum calcium ATPase 2;ATP2A2;PTN002533885;orthologs","SARCOPLASMIC_ENDOPLASMIC RETICULUM CALCIUM ATPASE 2 (PTHR42861:SF18)","primary active transporter(PC00068)","Homo sapiens","4","15","false","ATP2A2","3.75","0","4","0","0.8110328638497653","false","0","ATP2A2","1286","0.75"
"8.78169014084507","0.0","0.11387329591018444","1.0","HUMAN|HGNC=9080|UniProtKB=P26678","Cardiac phospholamban;PLN;PTN002501522;orthologs","CARDIAC PHOSPHOLAMBAN (PTHR21194:SF1)",,"Homo sapiens","3","16","false","PLN","4.0","0","3","0","0.7838419405320813","false","0","PLN","0","1.0"
"5.232394366197183","0.0","0.1911170928667564","1.0",,,,,,"4","12","false","ATP2B4","25.5","0","4","0","0.882433489827856","false","0","ATP2B4","0","0.6071428571428571"
"4.76056338028169","0.1266592121300471","0.21005917159763315","0.18571428571428572","HUMAN|HGNC=1449|UniProtKB=P0DP25","Calmodulin-3;CALM3;PTN004596978;orthologs","CALMODULIN-3 (PTHR23050:SF427)","calmodulin-related(PC00061)","Homo sapiens","36","12","false","CALM3","9.083333333333334","0","36","0","0.8955399061032865","false","0","CALM3","14324","0.13762626262626262"
"4.852112676056338","0.04698353053471241","0.20609579100145137","0.22924901185770752","HUMAN|HGNC=1445|UniProtKB=P0DP24","Calmodulin-2;CALM2;PTN004596967;orthologs","CALMODULIN-2 (PTHR23050:SF383)","calmodulin-related(PC00061)","Homo sapiens","23","12","false","CALM2","9.956521739130435","0","23","0","0.8929968701095462","false","0","CALM2","6416","0.15085638998682477"
"5.190140845070423","0.003483642740460249","0.19267299864314788","0.6888888888888889","HUMAN|HGNC=7872|UniProtKB=P29475","Nitric oxide synthase 1;NOS1;PTN002500253;orthologs","NITRIC OXIDE SYNTHASE 1 (PTHR19384:SF63)","oxidoreductase(PC00176)","Homo sapiens","10","12","false","NOS1","16.3","0","10","0","0.8836071987480438","false","0","NOS1","2232","0.3880952380952381"
"1.0","0.0","1.0","0.0","HUMAN|HGNC=895|UniProtKB=P37288","Vasopressin V1a receptor;AVPR1A;PTN002517430;orthologs","VASOPRESSIN V1A RECEPTOR (PTHR24241:SF17)","G-protein coupled receptor(PC00021)","Homo sapiens","1","1","false","AVPR1A","1.0","0","1","0","1.0","false","0","AVPR1A","0","0.0"
"1.0","0.0","1.0","0.0","HUMAN|HGNC=896|UniProtKB=P47901","Vasopressin V1b receptor;AVPR1B;PTN002517429;orthologs","VASOPRESSIN V1B RECEPTOR (PTHR24241:SF18)","G-protein coupled receptor(PC00021)","Homo sapiens","1","1","false","AVPR1B","1.0","0","1","0","1.0","false","0","AVPR1B","0","0.0"
"1.0","0.0","1.0","0.0","HUMAN|HGNC=1029|UniProtKB=P46663","B1 bradykinin receptor;BDKRB1;PTN002517269;orthologs","B1 BRADYKININ RECEPTOR (PTHR24228:SF28)","G-protein coupled receptor(PC00021)","Homo sapiens","1","1","false","BDKRB1","1.0","0","1","0","1.0","false","0","BDKRB1","0","0.0"
"1.0","0.0","1.0","0.0","HUMAN|HGNC=1030|UniProtKB=P30411","B2 bradykinin receptor;BDKRB2;PTN002517270;orthologs","B2 BRADYKININ RECEPTOR (PTHR24228:SF25)","G-protein coupled receptor(PC00021)","Homo sapiens","1","1","false","BDKRB2","1.0","0","1","0","1.0","false","0","BDKRB2","0","0.0"
"5.183098591549296","1.498351813005694E-4","0.19293478260869565","0.8666666666666667","HUMAN|HGNC=1388|UniProtKB=O00555","Voltage-dependent P_Q-type calcium channel subunit alpha-1A;CACNA1A;PTN002467495;orthologs","VOLTAGE-DEPENDENT P_Q-TYPE CALCIUM CHANNEL SUBUNIT ALPHA-1A (PTHR45628:SF3)","voltage-gated ion channel(PC00241)","Homo sapiens","6","12","false","CACNA1A","18.5","0","6","0","0.8838028169014085","false","0","CACNA1A","24","0.4111111111111111"
"5.084507042253521","0.021205840242400013","0.19667590027700832","0.6111111111111112","HUMAN|HGNC=1390|UniProtKB=Q13936","Voltage-dependent L-type calcium channel subunit alpha-1C;CACNA1C;PTN002467478;orthologs","VOLTAGE-DEPENDENT L-TYPE CALCIUM CHANNEL SUBUNIT ALPHA-1C (PTHR45628:SF10)","voltage-gated ion channel(PC00241)","Homo sapiens","9","12","false","CACNA1C","15.222222222222221","0","9","0","0.8865414710485133","false","0","CACNA1C","4276","0.2984749455337691"
"5.225352112676056","0.0","0.19137466307277629","1.0","HUMAN|HGNC=1392|UniProtKB=Q15878","Voltage-dependent R-type calcium channel subunit alpha-1E;CACNA1E;PTN002467483;orthologs","VOLTAGE-DEPENDENT R-TYPE CALCIUM CHANNEL SUBUNIT ALPHA-1E (PTHR45628:SF5)","voltage-gated ion channel(PC00241)","Homo sapiens","5","12","false","CACNA1E","20.6","0","5","0","0.8826291079812206","false","0","CACNA1E","0","0.49047619047619045"
"5.225352112676056","0.0","0.19137466307277629","1.0","HUMAN|HGNC=1389|UniProtKB=Q00975","Voltage-dependent N-type calcium channel subunit alpha-1B;CACNA1B;PTN002467490;orthologs","VOLTAGE-DEPENDENT N-TYPE CALCIUM CHANNEL SUBUNIT ALPHA-1B (PTHR45628:SF6)","voltage-gated ion channel(PC00241)","Homo sapiens","5","12","false","CACNA1B","20.6","0","5","0","0.8826291079812206","false","0","CACNA1B","0","0.49047619047619045"
"5.943661971830986","0.027969233842772945","0.16824644549763032","0.5238095238095238","HUMAN|HGNC=1395|UniProtKB=O95180","Voltage-dependent T-type calcium channel subunit alpha-1H;CACNA1H;PTN002467512;orthologs","VOLTAGE-DEPENDENT T-TYPE CALCIUM CHANNEL SUBUNIT ALPHA-1H (PTHR45628:SF37)","voltage-gated ion channel(PC00241)","Homo sapiens","7","13","false","CACNA1H","6.428571428571429","0","7","0","0.8626760563380282","false","0","CACNA1H","5148","0.37815126050420167"
"5.957746478873239","0.0","0.1678486997635934","1.0","HUMAN|HGNC=1391|UniProtKB=Q01668","Voltage-dependent L-type calcium channel subunit alpha-1D;CACNA1D;PTN002467479;orthologs","VOLTAGE-DEPENDENT L-TYPE CALCIUM CHANNEL SUBUNIT ALPHA-1D (PTHR45628:SF11)","voltage-gated ion channel(PC00241)","Homo sapiens","5","13","false","CACNA1D","8.6","0","5","0","0.8622848200312989","false","0","CACNA1D","0","0.5058823529411764"
"5.957746478873239","0.0","0.1678486997635934","1.0","HUMAN|HGNC=1393|UniProtKB=O60840","Voltage-dependent L-type calcium channel subunit alpha-1F;CACNA1F;PTN002467475;orthologs","VOLTAGE-DEPENDENT L-TYPE CALCIUM CHANNEL SUBUNIT ALPHA-1F (PTHR45628:SF2)","voltage-gated ion channel(PC00241)","Homo sapiens","5","13","false","CACNA1F","8.6","0","5","0","0.8622848200312989","false","0","CACNA1F","0","0.5058823529411764"
"5.091549295774648","0.020444178070788785","0.19640387275242047","0.6785714285714286","HUMAN|HGNC=1397|UniProtKB=Q13698","Voltage-dependent L-type calcium channel subunit alpha-1S;CACNA1S;PTN002467473;orthologs","VOLTAGE-DEPENDENT L-TYPE CALCIUM CHANNEL SUBUNIT ALPHA-1S (PTHR45628:SF9)","voltage-gated ion channel(PC00241)","Homo sapiens","8","12","false","CACNA1S","16.5","0","8","0","0.8863458528951487","false","0","CACNA1S","4220","0.3235294117647059"
"6.929577464788732","0.0","0.1443089430894309","1.0","HUMAN|HGNC=1394|UniProtKB=O43497","Voltage-dependent T-type calcium channel subunit alpha-1G;CACNA1G;PTN002467501;orthologs","VOLTAGE-DEPENDENT T-TYPE CALCIUM CHANNEL SUBUNIT ALPHA-1G (PTHR45628:SF33)","voltage-gated ion channel(PC00241)","Homo sapiens","2","14","false","CACNA1G","4.5","0","2","0","0.8352895148669797","false","0","CACNA1G","0","0.6428571428571429"
"6.929577464788732","0.0","0.1443089430894309","1.0","HUMAN|HGNC=1396|UniProtKB=Q9P0X4","Voltage-dependent T-type calcium channel subunit alpha-1I;CACNA1I;PTN002467506;orthologs","VOLTAGE-DEPENDENT T-TYPE CALCIUM CHANNEL SUBUNIT ALPHA-1I (PTHR45628:SF39)","voltage-gated ion channel(PC00241)","Homo sapiens","2","14","false","CACNA1I","4.5","0","2","0","0.8352895148669797","false","0","CACNA1I","0","0.6428571428571429"
"5.23943661971831","0.0","0.19086021505376344","1.0","HUMAN|HGNC=1459|UniProtKB=Q14012","Calcium_calmodulin-dependent protein kinase type 1;CAMK1;PTN002519197;orthologs","CALCIUM_CALMODULIN-DEPENDENT PROTEIN KINASE TYPE 1 (PTHR24347:SF197)","non-receptor serine/threonine protein kinase(PC00167)","Homo sapiens","3","12","false","CAMK1","30.666666666666668","0","3","0","0.8822378716744913","false","0","CAMK1","0","0.7301587301587301"
"5.225352112676056","6.401039664449912E-4","0.19137466307277629","0.6","HUMAN|HGNC=6178|UniProtKB=P23677","Inositol-trisphosphate 3-kinase A;ITPKA;PTN002487907;orthologs","INOSITOL-TRISPHOSPHATE 3-KINASE A (PTHR12400:SF55)","kinase(PC00137)","Homo sapiens","5","12","false","ITPKA","19.6","0","5","0","0.8826291079812206","false","0","ITPKA","52","0.4666666666666667"
"5.302816901408451","0.0","0.18857901726427623","1.0","HUMAN|HGNC=14897|UniProtKB=Q96DU7","Inositol-trisphosphate 3-kinase C;ITPKC;PTN002487905;orthologs","INOSITOL-TRISPHOSPHATE 3-KINASE C (PTHR12400:SF106)","kinase(PC00137)","Homo sapiens","3","12","false","ITPKC","13.666666666666666","0","3","0","0.8804773082942097","false","0","ITPKC","0","0.41414141414141414"
"5.225352112676056","0.0","0.19137466307277629","1.0","HUMAN|HGNC=1464|UniProtKB=Q16566","Calcium_calmodulin-dependent protein kinase type IV;CAMK4;PTN002519239;orthologs","CALCIUM_CALMODULIN-DEPENDENT PROTEIN KINASE TYPE IV (PTHR24349:SF243)","non-receptor serine/threonine protein kinase(PC00167)","Homo sapiens","4","12","false","CAMK4","22.0","0","4","0","0.8826291079812206","false","0","CAMK4","0","0.5116279069767442"
"5.197183098591549","0.0032339174382926333","0.1924119241192412","0.7777777777777778","HUMAN|HGNC=22048|UniProtKB=P60323","Nanos homolog 3;NANOS3;PTN002490035;orthologs","NANOS HOMOLOG 3 (PTHR12887:SF12)","RNA metabolism protein(PC00031)","Homo sapiens","9","12","false","NOS3","17.77777777777778","0","9","0","0.8834115805946792","false","0","NOS3","2220","0.42328042328042326"
"5.190140845070423","0.003428941007604485","0.19267299864314788","0.7777777777777778","HUMAN|HGNC=8927|UniProtKB=Q93100","Phosphorylase b kinase regulatory subunit beta;PHKB;PTN002473396;orthologs","PHOSPHORYLASE B KINASE REGULATORY SUBUNIT BETA (PTHR10749:SF8)","kinase activator(PC00138)","Homo sapiens","10","12","false","PHKB","15.1","0","10","0","0.8836071987480438","false","0","PHKB","2236","0.3595238095238095"
"5.274647887323944","0.0","0.18958611481975968","1.0","HUMAN|HGNC=1463|UniProtKB=Q13555","Calcium_calmodulin-dependent protein kinase type II subunit gamma;CAMK2G;PTN002539359;orthologs","CALCIUM_CALMODULIN-DEPENDENT PROTEIN KINASE TYPE II SUBUNIT GAMMA (PTHR24347:SF398)","non-receptor serine/threonine protein kinase(PC00167)","Homo sapiens","4","12","false","CAMK2G","14.5","0","4","0","0.8812597809076682","false","0","CAMK2G","0","0.4027777777777778"
"5.197183098591549","0.0032339174382926333","0.1924119241192412","0.7777777777777778","HUMAN|HGNC=23292|UniProtKB=P60321","Nanos homolog 2;NANOS2;PTN002490036;orthologs","NANOS HOMOLOG 2 (PTHR12887:SF10)","RNA metabolism protein(PC00031)","Homo sapiens","9","12","false","NOS2","17.77777777777778","0","9","0","0.8834115805946792","false","0","NOS2","2220","0.42328042328042326"
"5.23943661971831","0.0","0.19086021505376344","1.0","HUMAN|HGNC=7590|UniProtKB=Q15746","Myosin light chain kinase, smooth muscle;MYLK;PTN002557125;orthologs","MYOSIN LIGHT CHAIN KINASE, SMOOTH MUSCLE (PTHR47633:SF1)",,"Homo sapiens","3","12","false","MYLK","30.666666666666668","0","3","0","0.8822378716744913","false","0","MYLK","0","0.7301587301587301"
"5.056338028169014","0.15874740166768928","0.1977715877437326","0.4857142857142857","HUMAN|HGNC=24835|UniProtKB=Q7Z2K8","G protein-regulated inducer of neurite outgrowth 1;GPRIN1;PTN002557551;orthologs","G PROTEIN-REGULATED INDUCER OF NEURITE OUTGROWTH 1 (PTHR15718:SF7)",,"Homo sapiens","15","12","false","GRIN1","13.466666666666667","0","15","0","0.8873239436619718","false","0","GRIN1","13374","0.24484848484848484"
"5.190140845070423","0.003428941007604485","0.19267299864314788","0.7777777777777778","HUMAN|HGNC=8925|UniProtKB=P46020","Phosphorylase b kinase regulatory subunit alpha, skeletal muscle isoform;PHKA1;PTN002473399;orthologs","PHOSPHORYLASE B KINASE REGULATORY SUBUNIT ALPHA, SKELETAL MUSCLE ISOFORM (PTHR10749:SF4)","kinase activator(PC00138)","Homo sapiens","10","12","false","PHKA1","15.1","0","10","0","0.8836071987480438","false","0","PHKA1","2236","0.3595238095238095"
"5.197183098591549","0.0031506756709034273","0.1924119241192412","0.8888888888888888","HUMAN|HGNC=8926|UniProtKB=P46019","Phosphorylase b kinase regulatory subunit alpha, liver isoform;PHKA2;PTN002473398;orthologs","PHOSPHORYLASE B KINASE REGULATORY SUBUNIT ALPHA, LIVER ISOFORM (PTHR10749:SF5)","kinase activator(PC00138)","Homo sapiens","9","12","false","PHKA2","16.444444444444443","0","9","0","0.8834115805946792","false","0","PHKA2","2212","0.3915343915343915"
"5.183098591549296","0.009971748163854495","0.19293478260869565","0.7333333333333333","HUMAN|HGNC=9315|UniProtKB=P16298","Serine_threonine-protein phosphatase 2B catalytic subunit beta isoform;PPP3CB;PTN002481535;orthologs","SERINE_THREONINE-PROTEIN PHOSPHATASE 2B CATALYTIC SUBUNIT BETA ISOFORM (PTHR45673:SF7)","protein phosphatase(PC00195)","Homo sapiens","6","12","false","PPP3CB","15.333333333333334","0","6","0","0.8838028169014085","false","0","PPP3CB","1992","0.3484848484848485"
"5.147887323943662","0.057994889095384486","0.19425444596443228","0.5","HUMAN|HGNC=9314|UniProtKB=Q08209","Protein phosphatase 3 catalytic subunit alpha;PPP3CA;PTN002481533;orthologs","PROTEIN PHOSPHATASE 3 CATALYTIC SUBUNIT ALPHA (PTHR45673:SF5)","protein phosphatase(PC00195)","Homo sapiens","8","12","false","PPP3CA","14.625","0","8","0","0.8847809076682316","false","0","PPP3CA","7460","0.3179347826086957"
"5.190140845070423","0.0019453348791077319","0.19267299864314788","0.5833333333333334","HUMAN|HGNC=1461|UniProtKB=Q13554","Calcium_calmodulin-dependent protein kinase type II subunit beta;CAMK2B;PTN002539356;orthologs","CALCIUM_CALMODULIN-DEPENDENT PROTEIN KINASE TYPE II SUBUNIT BETA (PTHR24347:SF403)","non-receptor serine/threonine protein kinase(PC00167)","Homo sapiens","9","12","false","CAMK2B","15.88888888888889","0","9","0","0.8836071987480438","false","0","CAMK2B","1158","0.3695090439276486"
"5.302816901408451","0.0","0.18857901726427623","1.0","HUMAN|HGNC=6179|UniProtKB=P27987","Inositol-trisphosphate 3-kinase B;ITPKB;PTN002487908;orthologs","INOSITOL-TRISPHOSPHATE 3-KINASE B (PTHR12400:SF4)","kinase(PC00137)","Homo sapiens","3","12","false","ITPKB","13.666666666666666","0","3","0","0.8804773082942097","false","0","ITPKB","0","0.41414141414141414"
"5.211267605633803","1.5760441292356187E-4","0.19189189189189187","0.8666666666666667","HUMAN|HGNC=1462|UniProtKB=Q13557","Calcium_calmodulin-dependent protein kinase type II subunit delta;CAMK2D;PTN002539365;orthologs","CALCIUM_CALMODULIN-DEPENDENT PROTEIN KINASE TYPE II SUBUNIT DELTA (PTHR24347:SF365)","non-receptor serine/threonine protein kinase(PC00167)","Homo sapiens","6","12","false","CAMK2D","19.166666666666668","0","6","0","0.8830203442879498","false","0","CAMK2D","22","0.44573643410852715"
"5.267605633802817","0.0","0.18983957219251338","1.0","HUMAN|HGNC=8930|UniProtKB=Q16816","Phosphorylase b kinase gamma catalytic chain, skeletal muscle_heart isoform;PHKG1;PTN002543148;orthologs","PHOSPHORYLASE B KINASE GAMMA CATALYTIC CHAIN, SKELETAL MUSCLE_HEART ISOFORM (PTHR24347:SF386)","non-receptor serine/threonine protein kinase(PC00167)","Homo sapiens","4","12","false","PHKG1","15.75","0","4","0","0.8814553990610329","false","0","PHKG1","0","0.42567567567567566"
"5.190140845070423","0.003428941007604485","0.19267299864314788","0.7777777777777778","HUMAN|HGNC=8931|UniProtKB=P15735","Phosphorylase b kinase gamma catalytic chain, liver_testis isoform;PHKG2;PTN002543149;orthologs","PHOSPHORYLASE B KINASE GAMMA CATALYTIC CHAIN, LIVER_TESTIS ISOFORM (PTHR24347:SF390)","non-receptor serine/threonine protein kinase(PC00167)","Homo sapiens","10","12","false","PHKG2","15.1","0","10","0","0.8836071987480438","false","0","PHKG2","2236","0.3595238095238095"
"5.197183098591549","0.0417041254619918","0.1924119241192412","0.3333333333333333","HUMAN|HGNC=25896|UniProtKB=Q96D31","Calcium release-activated calcium channel protein 1;ORAI1;PTN002526862;orthologs","CALCIUM RELEASE-ACTIVATED CALCIUM CHANNEL PROTEIN 1 (PTHR31501:SF3)","ion channel(PC00133)","Homo sapiens","6","12","false","ORAI1","16.5","0","6","0","0.8834115805946792","false","0","ORAI1","3290","0.36666666666666664"
"5.140845070422535","0.010207080292486338","0.19452054794520549","0.4666666666666667","HUMAN|HGNC=1460|UniProtKB=Q9UQM7","Calcium_calmodulin-dependent protein kinase type II subunit alpha;CAMK2A;PTN002539368;orthologs","CALCIUM_CALMODULIN-DEPENDENT PROTEIN KINASE TYPE II SUBUNIT ALPHA (PTHR24347:SF384)","non-receptor serine/threonine protein kinase(PC00167)","Homo sapiens","10","12","false","CAMK2A","14.9","0","10","0","0.8849765258215962","false","0","CAMK2A","2282","0.3148936170212766"
"5.661971830985915","0.008693070675478257","0.17661691542288557","0.6666666666666666","HUMAN|HGNC=9317|UniProtKB=P63098","Calcineurin subunit B type 1;PPP3R1;PTN002507480;orthologs","CALCINEURIN SUBUNIT B TYPE 1 (PTHR45942:SF3)",,"Homo sapiens","6","13","false","PPP3R1","10.5","0","6","0","0.8705007824726134","false","0","PPP3R1","1182","0.2625"
"5.690140845070423","9.882126859334273E-4","0.17574257425742573","0.9","HUMAN|HGNC=9316|UniProtKB=P48454","Serine_threonine-protein phosphatase 2B catalytic subunit gamma isoform;PPP3CC;PTN002481530;orthologs","SERINE_THREONINE-PROTEIN PHOSPHATASE 2B CATALYTIC SUBUNIT GAMMA ISOFORM (PTHR45673:SF2)","protein phosphatase(PC00195)","Homo sapiens","5","13","false","PPP3CC","12.0","0","5","0","0.8697183098591549","false","0","PPP3CC","192","0.3157894736842105"
"5.746478873239437","0.0","0.17401960784313725","1.0","HUMAN|HGNC=19341|UniProtKB=Q8IU85","Calcium_calmodulin-dependent protein kinase type 1D;CAMK1D;PTN002519195;orthologs","CALCIUM_CALMODULIN-DEPENDENT PROTEIN KINASE TYPE 1D (PTHR24347:SF252)","non-receptor serine/threonine protein kinase(PC00167)","Homo sapiens","2","13","false","CAMK1D","25.0","0","2","0","0.8681533646322379","false","0","CAMK1D","0","0.6944444444444444"
"5.647887323943662","8.332500915659442E-4","0.1770573566084788","0.6153846153846154","HUMAN|HGNC=18180|UniProtKB=Q9NZT1","Calmodulin-like protein 5;CALML5;PTN002507329;orthologs","CALMODULIN-LIKE PROTEIN 5 (PTHR23050:SF224)","calmodulin-related(PC00061)","Homo sapiens","13","13","false","CALML5","12.153846153846153","0","13","0","0.8708920187793426","false","0","CALML5","86","0.3116370808678501"
"5.676056338028169","1.9978024173409248E-4","0.1761786600496278","0.7818181818181819","HUMAN|HGNC=24193|UniProtKB=Q8TD86","Calmodulin-like protein 6;CALML6;PTN002507273;orthologs","CALMODULIN-LIKE PROTEIN 6 (PTHR23050:SF417)","calmodulin-related(PC00061)","Homo sapiens","11","13","false","CALML6","12.818181818181818","0","11","0","0.8701095461658842","false","0","CALML6","24","0.3464373464373464"
"5.640845070422535","0.0015419942824797485","0.17727840199750314","0.5384615384615384","HUMAN|HGNC=1452|UniProtKB=P27482","Calmodulin-like protein 3;CALML3;PTN002507285;orthologs","CALMODULIN-LIKE PROTEIN 3 (PTHR23050:SF510)","calmodulin-related(PC00061)","Homo sapiens","14","13","false","CALML3","11.357142857142858","0","14","0","0.8710876369327073","false","0","CALML3","122","0.29120879120879123"
"5.676056338028169","1.9978024173409248E-4","0.1761786600496278","0.7818181818181819","HUMAN|HGNC=18445|UniProtKB=Q96GE6","Calmodulin-like protein 4;CALML4;PTN002507268;orthologs","CALMODULIN-LIKE PROTEIN 4 (PTHR23050:SF169)","calmodulin-related(PC00061)","Homo sapiens","11","13","false","CALML4","12.818181818181818","0","11","0","0.8701095461658842","false","0","CALML4","24","0.3464373464373464"
"5.950704225352113","0.002365255361958988","0.1680473372781065","0.7142857142857143","HUMAN|HGNC=4586|UniProtKB=Q13224","Glutamate receptor ionotropic, NMDA 2B;GRIN2B;PTN002540152;orthologs","GLUTAMATE RECEPTOR IONOTROPIC, NMDA 2B (PTHR18966:SF382)","transmembrane signal receptor(PC00197)","Homo sapiens","7","13","false","GRIN2B","10.571428571428571","0","7","0","0.8624804381846636","false","0","GRIN2B","134","0.474025974025974"
"5.683098591549296","0.08151033862750974","0.17596034696406443","0.0","HUMAN|HGNC=1570|UniProtKB=P32238","Cholecystokinin receptor type A;CCKAR;PTN002517443;orthologs","CHOLECYSTOKININ RECEPTOR TYPE A (PTHR24241:SF120)","G-protein coupled receptor(PC00021)","Homo sapiens","2","10","false","CCKAR","9.5","0","2","0","0.8699139280125195","false","0","CCKAR","4716","0.5"
"6.605633802816901","0.0693237438817301","0.1513859275053305","0.06666666666666667","HUMAN|HGNC=4390|UniProtKB=P50148","Guanine nucleotide-binding protein G(q) subunit alpha;GNAQ;PTN002469262;orthologs","GUANINE NUCLEOTIDE-BINDING PROTEIN G(Q) SUBUNIT ALPHA (PTHR10218:SF329)","heterotrimeric G-protein(PC00117)","Homo sapiens","6","11","false","GNAQ","1.5","0","6","0","0.8442879499217528","false","0","GNAQ","3958","0.2777777777777778"
"1.0","0.0","1.0","0.0","HUMAN|HGNC=15781|UniProtKB=Q494W8","CHRNA7-FAM7A fusion protein;CHRFAM7A;PTN002498507;orthologs","CHRNA7-FAM7A FUSION PROTEIN (PTHR18945:SF902)","ligand-gated ion channel(PC00141)","Homo sapiens","1","1","false","CHRFAM7A","1.0","0","1","0","1.0","false","0","CHRFAM7A","0","0.0"
"1.0","0.0","1.0","0.0","HUMAN|HGNC=1960|UniProtKB=P36544","Neuronal acetylcholine receptor subunit alpha-7;CHRNA7;PTN002498508;orthologs","NEURONAL ACETYLCHOLINE RECEPTOR SUBUNIT ALPHA-7 (PTHR18945:SF907)","ligand-gated ion channel(PC00141)","Homo sapiens","1","1","false","CHRNA7","1.0","0","1","0","1.0","false","0","CHRNA7","0","0.0"
"1.1666666666666667","0.5333333333333333","0.8571428571428571","0.4","HUMAN|HGNC=1950|UniProtKB=P11229","Muscarinic acetylcholine receptor M1;CHRM1;PTN002538174;orthologs","MUSCARINIC ACETYLCHOLINE RECEPTOR M1 (PTHR24247:SF182)","G-protein coupled receptor(PC00021)","Homo sapiens","5","2","false","CHRM1","2.8","0","5","0","0.9666666666666666","false","0","CHRM1","16","0.4666666666666667"
"1.5","0.0","0.6666666666666666","1.0","HUMAN|HGNC=1952|UniProtKB=P20309","Muscarinic acetylcholine receptor M3;CHRM3;PTN002538175;orthologs","MUSCARINIC ACETYLCHOLINE RECEPTOR M3 (PTHR24247:SF183)","G-protein coupled receptor(PC00021)","Homo sapiens","3","2","false","CHRM3","4.0","0","3","0","0.9","false","0","CHRM3","0","0.6666666666666666"
"1.3333333333333333","0.3333333333333333","0.75","0.5","HUMAN|HGNC=4597|UniProtKB=P41594","Metabotropic glutamate receptor 5;GRM5;PTN002514248;orthologs","METABOTROPIC GLUTAMATE RECEPTOR 5 (PTHR24060:SF30)","G-protein coupled receptor(PC00021)","Homo sapiens","4","2","false","GRM5","3.0","0","4","0","0.9333333333333333","false","0","GRM5","10","0.55"
"1.8333333333333333","0.0","0.5454545454545455","1.0","HUMAN|HGNC=1951|UniProtKB=P08172","Muscarinic acetylcholine receptor M2;CHRM2;PTN002538167;orthologs","MUSCARINIC ACETYLCHOLINE RECEPTOR M2 (PTHR24247:SF207)","G-protein coupled receptor(PC00021)","Homo sapiens","2","3","false","CHRM2","3.5","0","2","0","0.8333333333333334","false","0","CHRM2","0","0.7"
"1.5","0.0","0.6666666666666666","1.0","HUMAN|HGNC=1954|UniProtKB=P08912","Muscarinic acetylcholine receptor M5;CHRM5;PTN002538165;orthologs","MUSCARINIC ACETYLCHOLINE RECEPTOR M5 (PTHR24247:SF209)","G-protein coupled receptor(PC00021)","Homo sapiens","3","2","false","CHRM5","4.0","0","3","0","0.9","false","0","CHRM5","0","0.6666666666666666"
"1.8333333333333333","0.0","0.5454545454545455","1.0","HUMAN|HGNC=3537|UniProtKB=P25116","Proteinase-activated receptor 1;F2R;PTN002517362;orthologs","PROTEINASE-ACTIVATED RECEPTOR 1 (PTHR24232:SF20)","G-protein coupled receptor(PC00021)","Homo sapiens","2","3","false","F2R","3.5","0","2","0","0.8333333333333334","false","0","F2R","0","0.7"
"1.0","0.0","1.0","0.0","HUMAN|HGNC=17451|UniProtKB=Q9Y271","Cysteinyl leukotriene receptor 1;CYSLTR1;PTN002517317;orthologs","CYSTEINYL LEUKOTRIENE RECEPTOR 1 (PTHR24230:SF12)","G-protein coupled receptor(PC00021)","Homo sapiens","1","1","false","CYSLTR1","1.0","0","1","0","1.0","false","0","CYSLTR1","0","0.0"
"1.0","0.0","1.0","0.0","HUMAN|HGNC=18274|UniProtKB=Q9NS75","Cysteinyl leukotriene receptor 2;CYSLTR2;PTN002517318;orthologs","CYSTEINYL LEUKOTRIENE RECEPTOR 2 (PTHR24230:SF10)","G-protein coupled receptor(PC00021)","Homo sapiens","1","1","false","CYSLTR2","1.0","0","1","0","1.0","false","0","CYSLTR2","0","0.0"
"5.767605633802817","0.0","0.17338217338217338","0.0","HUMAN|HGNC=3020|UniProtKB=P21728","D(1A) dopamine receptor;DRD1;PTN002537112;orthologs","D(1A) DOPAMINE RECEPTOR (PTHR24248:SF139)","G-protein coupled receptor(PC00021)","Homo sapiens","1","10","false","DRD1","13.0","0","1","0","0.867566510172144","false","0","DRD1","0","0.0"
"1.0","0.0","1.0","0.0","HUMAN|HGNC=3179|UniProtKB=P25101","Endothelin-1 receptor;EDNRA;PTN002517507;orthologs","ENDOTHELIN-1 RECEPTOR (PTHR46099:SF2)",,"Homo sapiens","1","1","false","EDNRA","1.0","0","1","0","1.0","false","0","EDNRA","0","0.0"
"1.0","0.0","1.0","0.0","HUMAN|HGNC=3180|UniProtKB=P24530","Endothelin receptor type B;EDNRB;PTN002517506;orthologs","ENDOTHELIN RECEPTOR TYPE B (PTHR46099:SF3)",,"Homo sapiens","1","1","false","EDNRB","1.0","0","1","0","1.0","false","0","EDNRB","0","0.0"
"7.859154929577465","0.0062966451189406195","0.12724014336917563","0.7333333333333333","HUMAN|HGNC=3229|UniProtKB=P01133","Pro-epidermal growth factor;EGF;PTN002551467;orthologs","PRO-EPIDERMAL GROWTH FACTOR (PTHR46513:SF5)","transmembrane signal receptor(PC00197)","Homo sapiens","6","14","false","EGF","6.166666666666667","0","6","0","0.8094679186228482","false","0","EGF","2524","0.5138888888888888"
"7.908450704225352","0.005240901674824387","0.12644701691896706","0.7333333333333333","HUMAN|HGNC=8799|UniProtKB=P04085","Platelet-derived growth factor subunit A;PDGFA;PTN002481185;orthologs","PLATELET-DERIVED GROWTH FACTOR SUBUNIT A (PTHR11633:SF3)","growth factor(PC00112)","Homo sapiens","6","14","false","PDGFA","5.666666666666667","0","6","0","0.8080985915492958","false","0","PDGFA","2444","0.6296296296296297"
"7.901408450704225","0.010664935237905026","0.1265597147950089","0.5714285714285714","HUMAN|HGNC=8800|UniProtKB=P01127","Platelet-derived growth factor subunit B;PDGFB;PTN002481180;orthologs","PLATELET-DERIVED GROWTH FACTOR SUBUNIT B (PTHR11633:SF2)","growth factor(PC00112)","Homo sapiens","7","14","false","PDGFB","5.285714285714286","0","7","0","0.8082942097026604","false","0","PDGFB","4890","0.5873015873015873"
"8.809859154929578","0.0","0.11350919264588329","1.0","HUMAN|HGNC=30620|UniProtKB=Q9GZP0","Platelet-derived growth factor D;PDGFD;PTN002481184;orthologs","PLATELET-DERIVED GROWTH FACTOR D (PTHR11633:SF4)","growth factor(PC00112)","Homo sapiens","5","15","false","PDGFD","6.0","0","5","0","0.7830594679186229","false","0","PDGFD","0","0.75"
"8.809859154929578","0.0","0.11350919264588329","1.0","HUMAN|HGNC=8801|UniProtKB=Q9NRA1","Platelet-derived growth factor C;PDGFC;PTN002481183;orthologs","PLATELET-DERIVED GROWTH FACTOR C (PTHR11633:SF5)","growth factor(PC00112)","Homo sapiens","5","15","false","PDGFC","6.0","0","5","0","0.7830594679186229","false","0","PDGFC","0","0.75"
"7.859154929577465","0.0062966451189406195","0.12724014336917563","0.7333333333333333","HUMAN|HGNC=11765|UniProtKB=P01135","Protransforming growth factor alpha;TGFA;PTN002473309;orthologs","PROTRANSFORMING GROWTH FACTOR ALPHA (PTHR10740:SF1)","growth factor(PC00112)","Homo sapiens","6","14","false","TGFA","6.166666666666667","0","6","0","0.8094679186228482","false","0","TGFA","2524","0.5138888888888888"
"6.929577464788732","0.053167230332348554","0.1443089430894309","0.21428571428571427","HUMAN|HGNC=3236|UniProtKB=P00533","Epidermal growth factor receptor;EGFR;PTN002521387;orthologs","EPIDERMAL GROWTH FACTOR RECEPTOR (PTHR24416:SF91)","transmembrane signal receptor(PC00197)","Homo sapiens","8","13","false","EGFR","5.5","0","8","0","0.8352895148669797","false","0","EGFR","9170","0.24431818181818182"
"6.098591549295775","0.40366358909960953","0.16397228637413394","0.06060606060606061","HUMAN|HGNC=9065|UniProtKB=P19174","1-phosphatidylinositol 4,5-bisphosphate phosphodiesterase gamma-1;PLCG1;PTN002470111;orthologs","1-PHOSPHATIDYLINOSITOL 4,5-BISPHOSPHATE PHOSPHODIESTERASE GAMMA-1 (PTHR10336:SF173)","phospholipase(PC00186)","Homo sapiens","12","12","false","PLCG1","4.166666666666667","0","12","0","0.8583724569640062","false","0","PLCG1","62508","0.1346153846153846"
"6.97887323943662","0.029758456174398592","0.1432896064581231","0.5","HUMAN|HGNC=8803|UniProtKB=P16234","Platelet-derived growth factor receptor alpha;PDGFRA;PTN002521308;orthologs","PLATELET-DERIVED GROWTH FACTOR RECEPTOR ALPHA (PTHR24416:SF52)","transmembrane signal receptor(PC00197)","Homo sapiens","5","13","false","PDGFRA","7.4","0","5","0","0.8339201877934272","false","0","PDGFRA","7366","0.37"
"6.985915492957746","0.0116388639163587","0.1431451612903226","0.6666666666666666","HUMAN|HGNC=8804|UniProtKB=P09619","Platelet-derived growth factor receptor beta;PDGFRB;PTN002521311;orthologs","PLATELET-DERIVED GROWTH FACTOR RECEPTOR BETA (PTHR24416:SF53)","transmembrane signal receptor(PC00197)","Homo sapiens","4","13","false","PDGFRB","8.0","0","4","0","0.8337245696400627","false","0","PDGFRB","3682","0.4"
"7.873239436619718","0.0050106787295879284","0.12701252236135957","0.3333333333333333","HUMAN|HGNC=3431|UniProtKB=P21860","Receptor tyrosine-protein kinase erbB-3;ERBB3;PTN002521391;orthologs","RECEPTOR TYROSINE-PROTEIN KINASE ERBB-3 (PTHR24416:SF88)","transmembrane signal receptor(PC00197)","Homo sapiens","4","14","false","ERBB3","4.25","0","4","0","0.8090766823161188","false","0","ERBB3","368","0.4"
"6.992957746478873","0.02121047799801173","0.14300100704934543","0.5","HUMAN|HGNC=3430|UniProtKB=P04626","Receptor tyrosine-protein kinase erbB-2;ERBB2;PTN002521386;orthologs","RECEPTOR TYROSINE-PROTEIN KINASE ERBB-2 (PTHR24416:SF137)","transmembrane signal receptor(PC00197)","Homo sapiens","4","13","false","ERBB2","6.5","0","4","0","0.833528951486698","false","0","ERBB2","2612","0.3611111111111111"
"7.154929577464789","0.024240002663736576","0.13976377952755906","0.0",,,,,,"3","13","false","LOC102723407","4.333333333333333","0","3","0","0.8290297339593115","false","0","LOC102723407","1396","0.37037037037037035"
"7.964788732394366","0.0","0.125552608311229","1.0","HUMAN|HGNC=3432|UniProtKB=Q15303","Receptor tyrosine-protein kinase erbB-4;ERBB4;PTN002521394;orthologs","RECEPTOR TYROSINE-PROTEIN KINASE ERBB-4 (PTHR24416:SF90)","transmembrane signal receptor(PC00197)","Homo sapiens","2","14","false","ERBB4","4.0","0","2","0","0.8065336463223787","false","0","ERBB4","0","0.8"
"8.098591549295774","0.01424266640029301","0.12347826086956523","0.0","HUMAN|HGNC=7029|UniProtKB=P08581","Hepatocyte growth factor receptor;MET;PTN002521398;orthologs","HEPATOCYTE GROWTH FACTOR RECEPTOR (PTHR24416:SF483)","transmembrane signal receptor(PC00197)","Homo sapiens","3","14","false","MET","2.6666666666666665","0","3","0","0.8028169014084506","false","0","MET","852","0.4166666666666667"
"7.908450704225352","9.539506542802918E-4","0.12644701691896706","0.16666666666666666","HUMAN|HGNC=3665|UniProtKB=P05230","Fibroblast growth factor 1;FGF1;PTN002479524;orthologs","FIBROBLAST GROWTH FACTOR 1 (PTHR11486:SF86)","growth factor(PC00112)","Homo sapiens","4","14","false","FGF1","5.75","0","4","0","0.8080985915492958","false","0","FGF1","72","0.4772727272727273"
"7.042253521126761","0.022766623380947655","0.142","0.0","HUMAN|HGNC=3691|UniProtKB=P22455","Fibroblast growth factor receptor 4;FGFR4;PTN002521279;orthologs","FIBROBLAST GROWTH FACTOR RECEPTOR 4 (PTHR24416:SF343)","transmembrane signal receptor(PC00197)","Homo sapiens","4","13","false","FGFR4","5.25","0","4","0","0.8321596244131455","false","0","FGFR4","3798","0.3541666666666667"
"7.922535211267606","6.70928645156994E-4","0.1262222222222222","0.3","HUMAN|HGNC=3690|UniProtKB=P22607","Fibroblast growth factor receptor 3;FGFR3;PTN002521302;orthologs","FIBROBLAST GROWTH FACTOR RECEPTOR 3 (PTHR24416:SF505)","transmembrane signal receptor(PC00197)","Homo sapiens","5","14","false","FGFR3","4.0","0","5","0","0.8077073552425664","false","0","FGFR3","34","0.4222222222222222"
"7.0","0.0566410282023109","0.14285714285714285","0.0","HUMAN|HGNC=3688|UniProtKB=P11362","Fibroblast growth factor receptor 1;FGFR1;PTN002521281;orthologs","FIBROBLAST GROWTH FACTOR RECEPTOR 1 (PTHR24416:SF131)","transmembrane signal receptor(PC00197)","Homo sapiens","7","13","false","FGFR1","3.857142857142857","0","7","0","0.8333333333333334","false","0","FGFR1","7594","0.23809523809523808"
"7.0","0.05637132487596985","0.14285714285714285","0.14285714285714285","HUMAN|HGNC=3689|UniProtKB=P21802","Fibroblast growth factor receptor 2;FGFR2;PTN002521278;orthologs","FIBROBLAST GROWTH FACTOR RECEPTOR 2 (PTHR24416:SF130)","transmembrane signal receptor(PC00197)","Homo sapiens","7","13","false","FGFR2","4.285714285714286","0","7","0","0.8333333333333334","false","0","FGFR2","7564","0.24107142857142858"
"7.992957746478873","0.0","0.12511013215859032","0.0","HUMAN|HGNC=3666|UniProtKB=O15520","Fibroblast growth factor 10;FGF10;PTN002479511;orthologs","FIBROBLAST GROWTH FACTOR 10 (PTHR11486:SF21)","growth factor(PC00112)","Homo sapiens","1","14","false","FGF10","7.0","0","1","0","0.8057511737089202","false","0","FGF10","0","0.0"
"8.035211267605634","0.0","0.12445223488168274","0.0","HUMAN|HGNC=3675|UniProtKB=O95750","Fibroblast growth factor 19;FGF19;PTN002479507;orthologs","FIBROBLAST GROWTH FACTOR 19 (PTHR11486:SF74)","growth factor(PC00112)","Homo sapiens","1","14","false","FGF19","4.0","0","1","0","0.8045774647887325","false","0","FGF19","0","0.0"
"7.908450704225352","9.539506542802918E-4","0.12644701691896706","0.16666666666666666","HUMAN|HGNC=3676|UniProtKB=P09038","Fibroblast growth factor 2;FGF2;PTN002479523;orthologs","FIBROBLAST GROWTH FACTOR 2 (PTHR11486:SF83)","growth factor(PC00112)","Homo sapiens","4","14","false","FGF2","5.75","0","4","0","0.8080985915492958","false","0","FGF2","72","0.4772727272727273"
"7.992957746478873","0.0","0.12511013215859032","0.0","HUMAN|HGNC=3680|UniProtKB=Q9GZV9","Fibroblast growth factor 23;FGF23;PTN002479509;orthologs","FIBROBLAST GROWTH FACTOR 23 (PTHR11486:SF69)","growth factor(PC00112)","Homo sapiens","1","14","false","FGF23","7.0","0","1","0","0.8057511737089202","false","0","FGF23","0","0.0"
"7.992957746478873","0.0","0.12511013215859032","0.0","HUMAN|HGNC=3682|UniProtKB=P08620","Fibroblast growth factor 4;FGF4;PTN002479508;orthologs","FIBROBLAST GROWTH FACTOR 4 (PTHR11486:SF31)","growth factor(PC00112)","Homo sapiens","1","14","false","FGF4","7.0","0","1","0","0.8057511737089202","false","0","FGF4","0","0.0"
"7.992957746478873","0.0","0.12511013215859032","0.0","HUMAN|HGNC=3685|UniProtKB=P21781","Fibroblast growth factor 7;FGF7;PTN002479512;orthologs","FIBROBLAST GROWTH FACTOR 7 (PTHR11486:SF20)","growth factor(PC00112)","Homo sapiens","1","14","false","FGF7","7.0","0","1","0","0.8057511737089202","false","0","FGF7","0","0.0"
"7.936619718309859","2.9967036260113877E-4","0.12599822537710736","0.3333333333333333","HUMAN|HGNC=3686|UniProtKB=P55075","Fibroblast growth factor 8;FGF8;PTN002479536;orthologs","FIBROBLAST GROWTH FACTOR 8 (PTHR11486:SF3)","growth factor(PC00112)","Homo sapiens","3","14","false","FGF8","6.333333333333333","0","3","0","0.8073161189358372","false","0","FGF8","24","0.6"
"7.957746478873239","7.491759065028469E-5","0.1256637168141593","0.0","HUMAN|HGNC=3687|UniProtKB=P31371","Fibroblast growth factor 9;FGF9;PTN002479527;orthologs","FIBROBLAST GROWTH FACTOR 9 (PTHR11486:SF28)","growth factor(PC00112)","Homo sapiens","2","14","false","FGF9","6.0","0","2","0","0.8067292644757433","false","0","FGF9","6","0.7142857142857143"
"9.929577464788732","0.0","0.10070921985815603","0.0","HUMAN|HGNC=3763|UniProtKB=P17948","Vascular endothelial growth factor receptor 1;FLT1;PTN002521317;orthologs","VASCULAR ENDOTHELIAL GROWTH FACTOR RECEPTOR 1 (PTHR24416:SF390)","transmembrane signal receptor(PC00197)","Homo sapiens","1","16","false","FLT1","3.0","0","1","0","0.7519561815336463","false","0","FLT1","0","0.0"
"8.93661971830986","0.014084507042253521","0.11189913317572892","0.3333333333333333","HUMAN|HGNC=12681|UniProtKB=P49765","Vascular endothelial growth factor B;VEGFB;PTN002485915;orthologs","VASCULAR ENDOTHELIAL GROWTH FACTOR B (PTHR12025:SF12)","growth factor(PC00112)","Homo sapiens","3","15","false","VEGFB","3.0","0","3","0","0.7795383411580594","false","0","VEGFB","2532","0.6666666666666666"
"8.950704225352112","0.0","0.11172305271439811","1.0","HUMAN|HGNC=3767|UniProtKB=P35916","Vascular endothelial growth factor receptor 3;FLT4;PTN002521318;orthologs","VASCULAR ENDOTHELIAL GROWTH FACTOR RECEPTOR 3 (PTHR24416:SF49)","transmembrane signal receptor(PC00197)","Homo sapiens","2","15","false","FLT4","4.0","0","2","0","0.7791471048513302","false","0","FLT4","0","1.0"
"7.964788732394366","0.02077714514034562","0.125552608311229","0.5","HUMAN|HGNC=3708|UniProtKB=O43915","Vascular endothelial growth factor D;VEGFD;PTN002485919;orthologs","VASCULAR ENDOTHELIAL GROWTH FACTOR D (PTHR12025:SF11)","growth factor(PC00112)","Homo sapiens","4","14","false","VEGFD","3.0","0","4","0","0.8065336463223787","false","0","VEGFD","3790","0.5"
"7.964788732394366","0.02077714514034562","0.125552608311229","0.5","HUMAN|HGNC=12682|UniProtKB=P49767","Vascular endothelial growth factor C;VEGFC;PTN002485914;orthologs","VASCULAR ENDOTHELIAL GROWTH FACTOR C (PTHR12025:SF3)","growth factor(PC00112)","Homo sapiens","4","14","false","VEGFC","3.0","0","4","0","0.8065336463223787","false","0","VEGFC","3790","0.5"
"8.070422535211268","0.0","0.12390924956369982","0.0","HUMAN|HGNC=4232|UniProtKB=P39905","Glial cell line-derived neurotrophic factor;GDNF;PTN002486528;orthologs","GLIAL CELL LINE-DERIVED NEUROTROPHIC FACTOR (PTHR12173:SF1)","neurotrophic factor(PC00163)","Homo sapiens","1","14","false","GDNF","2.0","0","1","0","0.8035993740219092","false","0","GDNF","0","0.0"
"7.077464788732394","0.014084507042253521","0.14129353233830846","0.0","HUMAN|HGNC=9967|UniProtKB=P07949","Proto-oncogene tyrosine-protein kinase receptor Ret;RET;PTN002521376;orthologs","PROTO-ONCOGENE TYROSINE-PROTEIN KINASE RECEPTOR RET (PTHR24416:SF485)","transmembrane signal receptor(PC00197)","Homo sapiens","2","13","false","RET","6.5","0","2","0","0.8311815336463224","false","0","RET","1274","0.5"
"7.591549295774648","0.0","0.13172541743970315","1.0","HUMAN|HGNC=4379|UniProtKB=P29992","Guanine nucleotide-binding protein subunit alpha-11;GNA11;PTN002469255;orthologs","GUANINE NUCLEOTIDE-BINDING PROTEIN SUBUNIT ALPHA-11 (PTHR10218:SF328)","heterotrimeric G-protein(PC00117)","Homo sapiens","2","12","false","GNA11","4.0","0","2","0","0.8169014084507042","false","0","GNA11","0","0.6666666666666666"
"7.591549295774648","0.0","0.13172541743970315","1.0","HUMAN|HGNC=11608|UniProtKB=P21731","Thromboxane A2 receptor;TBXA2R;PTN002484060;orthologs","THROMBOXANE A2 RECEPTOR (PTHR11866:SF5)","G-protein coupled receptor(PC00021)","Homo sapiens","2","12","false","TBXA2R","4.0","0","2","0","0.8169014084507042","false","0","TBXA2R","0","0.6666666666666666"
"7.598591549295775","0.0","0.13160333642261351","0.0","HUMAN|HGNC=15917|UniProtKB=Q9NQ66","1-phosphatidylinositol 4,5-bisphosphate phosphodiesterase beta-1;PLCB1;PTN002470082;orthologs","1-PHOSPHATIDYLINOSITOL 4,5-BISPHOSPHATE PHOSPHODIESTERASE BETA-1 (PTHR10336:SF12)","phospholipase(PC00186)","Homo sapiens","1","12","false","PLCB1","6.0","0","1","0","0.8167057902973396","false","0","PLCB1","0","0.0"
"7.598591549295775","0.0","0.13160333642261351","0.0","HUMAN|HGNC=5182|UniProtKB=P35367","Histamine H1 receptor;HRH1;PTN002538164;orthologs","HISTAMINE H1 RECEPTOR (PTHR24247:SF223)","G-protein coupled receptor(PC00021)","Homo sapiens","1","12","false","HRH1","6.0","0","1","0","0.8167057902973396","false","0","HRH1","0","0.0"
"7.598591549295775","0.0","0.13160333642261351","0.0","HUMAN|HGNC=9056|UniProtKB=Q01970","1-phosphatidylinositol 4,5-bisphosphate phosphodiesterase beta-3;PLCB3;PTN002470083;orthologs","1-PHOSPHATIDYLINOSITOL 4,5-BISPHOSPHATE PHOSPHODIESTERASE BETA-3 (PTHR10336:SF11)","phospholipase(PC00186)","Homo sapiens","1","12","false","PLCB3","6.0","0","1","0","0.8167057902973396","false","0","PLCB3","0","0.0"
"5.753521126760563","0.0","0.17380660954712362","1.0","HUMAN|HGNC=5294|UniProtKB=P41595","5-hydroxytryptamine receptor 2B;HTR2B;PTN002517602;orthologs","5-HYDROXYTRYPTAMINE RECEPTOR 2B (PTHR24247:SF31)","G-protein coupled receptor(PC00021)","Homo sapiens","3","10","false","HTR2B","6.333333333333333","0","3","0","0.8679577464788732","false","0","HTR2B","0","0.48717948717948717"
"5.753521126760563","0.0","0.17380660954712362","1.0","HUMAN|HGNC=5295|UniProtKB=P28335","5-hydroxytryptamine receptor 2C;HTR2C;PTN002517600;orthologs","5-HYDROXYTRYPTAMINE RECEPTOR 2C (PTHR24247:SF32)","G-protein coupled receptor(PC00021)","Homo sapiens","3","10","false","HTR2C","6.333333333333333","0","3","0","0.8679577464788732","false","0","HTR2C","0","0.48717948717948717"
"5.76056338028169","0.0","0.17359413202933985","1.0","HUMAN|HGNC=5301|UniProtKB=P50406","5-hydroxytryptamine receptor 6;HTR6;PTN002517556;orthologs","5-HYDROXYTRYPTAMINE RECEPTOR 6 (PTHR24247:SF236)","G-protein coupled receptor(PC00021)","Homo sapiens","2","10","false","HTR6","7.5","0","2","0","0.8677621283255087","false","0","HTR6","0","0.5769230769230769"
"5.767605633802817","0.0","0.17338217338217338","0.0","HUMAN|HGNC=11526|UniProtKB=P25103","Substance-P receptor;TACR1;PTN002538241;orthologs","SUBSTANCE-P RECEPTOR (PTHR46925:SF4)","G-protein coupled receptor(PC00021)","Homo sapiens","1","10","false","TACR1","13.0","0","1","0","0.867566510172144","false","0","TACR1","0","0.0"
"5.767605633802817","0.0","0.17338217338217338","0.0","HUMAN|HGNC=8529|UniProtKB=P30559","Oxytocin receptor;OXTR;PTN002517433;orthologs","OXYTOCIN RECEPTOR (PTHR24241:SF89)","G-protein coupled receptor(PC00021)","Homo sapiens","1","10","false","OXTR","13.0","0","1","0","0.867566510172144","false","0","OXTR","0","0.0"
"5.76056338028169","0.0","0.17359413202933985","1.0","HUMAN|HGNC=5302|UniProtKB=P34969","5-hydroxytryptamine receptor 7;HTR7;PTN002517608;orthologs","5-HYDROXYTRYPTAMINE RECEPTOR 7 (PTHR24247:SF116)","G-protein coupled receptor(PC00021)","Homo sapiens","2","10","false","HTR7","7.5","0","2","0","0.8677621283255087","false","0","HTR7","0","0.5769230769230769"
"5.767605633802817","0.0","0.17338217338217338","0.0","HUMAN|HGNC=12299|UniProtKB=P34981","Thyrotropin-releasing hormone receptor;TRHR;PTN002517516;orthologs","THYROTROPIN-RELEASING HORMONE RECEPTOR (PTHR46061:SF2)","C4 zinc finger nuclear receptor(PC00169)","Homo sapiens","1","10","false","TRHR","13.0","0","1","0","0.867566510172144","false","0","TRHR","0","0.0"
"5.753521126760563","0.0","0.17380660954712362","1.0","HUMAN|HGNC=5293|UniProtKB=P28223","5-hydroxytryptamine receptor 2A;HTR2A;PTN002517601;orthologs","5-HYDROXYTRYPTAMINE RECEPTOR 2A (PTHR24247:SF30)","G-protein coupled receptor(PC00021)","Homo sapiens","3","10","false","HTR2A","6.333333333333333","0","3","0","0.8679577464788732","false","0","HTR2A","0","0.48717948717948717"
"5.985915492957746","0.0","0.1670588235294118","1.0","HUMAN|HGNC=8536|UniProtKB=Q93086","P2X purinoceptor 5;P2RX5;PTN002468151;orthologs","P2X PURINOCEPTOR 5 (PTHR10125:SF12)","ligand-gated ion channel(PC00141)","Homo sapiens","9","13","false","P2RX5","10.777777777777779","0","9","0","0.8615023474178405","false","0","P2RX5","0","0.6736111111111112"
"5.985915492957746","0.0","0.1670588235294118","1.0","HUMAN|HGNC=8533|UniProtKB=P51575","P2X purinoceptor 1;P2RX1;PTN002468149;orthologs","P2X PURINOCEPTOR 1 (PTHR10125:SF9)","ligand-gated ion channel(PC00141)","Homo sapiens","9","13","false","P2RX1","10.777777777777779","0","9","0","0.8615023474178405","false","0","P2RX1","0","0.6736111111111112"
"6.0","0.0","0.16666666666666666","1.0","HUMAN|HGNC=16768|UniProtKB=O60391","Glutamate receptor ionotropic, NMDA 3B;GRIN3B;PTN002546074;orthologs","GLUTAMATE RECEPTOR IONOTROPIC, NMDA 3B (PTHR18966:SF364)","transmembrane signal receptor(PC00197)","Homo sapiens","6","13","false","GRIN3B","10.833333333333334","0","6","0","0.8611111111111112","false","0","GRIN3B","0","0.6372549019607843"
"5.957746478873239","5.351256475020334E-4","0.1678486997635934","0.7272727272727273","HUMAN|HGNC=4588|UniProtKB=O15399","Glutamate receptor ionotropic, NMDA 2D;GRIN2D;PTN002540160;orthologs","GLUTAMATE RECEPTOR IONOTROPIC, NMDA 2D (PTHR18966:SF385)","transmembrane signal receptor(PC00197)","Homo sapiens","12","13","false","GRIN2D","9.416666666666666","0","12","0","0.8622848200312989","false","0","GRIN2D","48","0.553921568627451"
"5.985915492957746","0.0","0.1670588235294118","1.0","HUMAN|HGNC=8534|UniProtKB=P56373","P2X purinoceptor 3;P2RX3;PTN002468156;orthologs","P2X PURINOCEPTOR 3 (PTHR10125:SF8)","ligand-gated ion channel(PC00141)","Homo sapiens","9","13","false","P2RX3","10.777777777777779","0","9","0","0.8615023474178405","false","0","P2RX3","0","0.6736111111111112"
"5.957746478873239","5.351256475020334E-4","0.1678486997635934","0.7272727272727273","HUMAN|HGNC=4587|UniProtKB=Q14957","Glutamate receptor ionotropic, NMDA 2C;GRIN2C;PTN002540163;orthologs","GLUTAMATE RECEPTOR IONOTROPIC, NMDA 2C (PTHR18966:SF361)","transmembrane signal receptor(PC00197)","Homo sapiens","12","13","false","GRIN2C","9.416666666666666","0","12","0","0.8622848200312989","false","0","GRIN2C","48","0.553921568627451"
"5.985915492957746","0.0","0.1670588235294118","1.0","HUMAN|HGNC=8537|UniProtKB=Q99572","P2X purinoceptor 7;P2RX7;PTN002468147;orthologs","P2X PURINOCEPTOR 7 (PTHR10125:SF13)","ligand-gated ion channel(PC00141)","Homo sapiens","9","13","false","P2RX7","10.777777777777779","0","9","0","0.8615023474178405","false","0","P2RX7","0","0.6736111111111112"
"5.950704225352113","0.014619632689755552","0.1680473372781065","0.6153846153846154","HUMAN|HGNC=4585|UniProtKB=Q12879","Glutamate receptor ionotropic, NMDA 2A;GRIN2A;PTN002540171;orthologs","GLUTAMATE RECEPTOR IONOTROPIC, NMDA 2A (PTHR18966:SF407)","transmembrane signal receptor(PC00197)","Homo sapiens","13","13","false","GRIN2A","8.692307692307692","0","13","0","0.8624804381846636","false","0","GRIN2A","1110","0.5384615384615384"
"5.985915492957746","0.0","0.1670588235294118","1.0","HUMAN|HGNC=8535|UniProtKB=Q99571","P2X purinoceptor 4;P2RX4;PTN002468159;orthologs","P2X PURINOCEPTOR 4 (PTHR10125:SF18)","ligand-gated ion channel(PC00141)","Homo sapiens","9","13","false","P2RX4","10.777777777777779","0","9","0","0.8615023474178405","false","0","P2RX4","0","0.6736111111111112"
"6.0","0.0","0.16666666666666666","1.0","HUMAN|HGNC=16767|UniProtKB=Q8TCU5","Glutamate receptor ionotropic, NMDA 3A;GRIN3A;PTN002546071;orthologs","GLUTAMATE RECEPTOR IONOTROPIC, NMDA 3A (PTHR18966:SF397)","transmembrane signal receptor(PC00197)","Homo sapiens","6","13","false","GRIN3A","10.833333333333334","0","6","0","0.8611111111111112","false","0","GRIN3A","0","0.6372549019607843"
"5.985915492957746","0.0","0.1670588235294118","1.0","HUMAN|HGNC=8538|UniProtKB=O15547","P2X purinoceptor 6;P2RX6;PTN002468150;orthologs","P2X PURINOCEPTOR 6 (PTHR10125:SF21)","ligand-gated ion channel(PC00141)","Homo sapiens","9","13","false","P2RX6","10.777777777777779","0","9","0","0.8615023474178405","false","0","P2RX6","0","0.6736111111111112"
"6.943661971830986","0.0","0.1440162271805274","0.0","HUMAN|HGNC=9612|UniProtKB=Q14289","Protein-tyrosine kinase 2-beta;PTK2B;PTN002521499;orthologs","PROTEIN-TYROSINE KINASE 2-BETA (PTHR24418:SF94)","non-receptor tyrosine protein kinase(PC00168)","Homo sapiens","1","14","false","PTK2B","13.0","0","1","0","0.8348982785602505","false","0","PTK2B","0","0.0"
"2.1666666666666665","0.0","0.46153846153846156","0.0","HUMAN|HGNC=4593|UniProtKB=Q13255","Metabotropic glutamate receptor 1;GRM1;PTN002514249;orthologs","METABOTROPIC GLUTAMATE RECEPTOR 1 (PTHR24060:SF29)","G-protein coupled receptor(PC00021)","Homo sapiens","1","3","false","GRM1","4.0","0","1","0","0.7666666666666667","false","0","GRM1","0","0.0"
"9.091549295774648","0.0","0.10999225406661503","0.0","HUMAN|HGNC=4893|UniProtKB=P14210","Hepatocyte growth factor;HGF;PTN002543447;orthologs","HEPATOCYTE GROWTH FACTOR (PTHR24261:SF8)","serine protease(PC00203)","Homo sapiens","1","15","false","HGF","3.0","0","1","0","0.7752347417840375","false","0","HGF","0","0.0"
"1.0","0.0","1.0","1.0","HUMAN|HGNC=6180|UniProtKB=Q14643","Inositol 1,4,5-trisphosphate receptor type 1;ITPR1;PTN002492406;orthologs","INOSITOL 1,4,5-TRISPHOSPHATE RECEPTOR TYPE 1 (PTHR13715:SF52)","ligand-gated ion channel(PC00141)","Homo sapiens","2","1","false","ITPR1","2.0","0","2","0","1.0","false","0","ITPR1","0","1.0"
"1.0","0.0","1.0","1.0","HUMAN|HGNC=6181|UniProtKB=Q14571","Inositol 1,4,5-trisphosphate receptor type 2;ITPR2;PTN002492403;orthologs","INOSITOL 1,4,5-TRISPHOSPHATE RECEPTOR TYPE 2 (PTHR13715:SF53)","ligand-gated ion channel(PC00141)","Homo sapiens","2","1","false","ITPR2","2.0","0","2","0","1.0","false","0","ITPR2","0","1.0"
"1.0","0.0","1.0","1.0","HUMAN|HGNC=6182|UniProtKB=Q14573","Inositol 1,4,5-trisphosphate receptor type 3;ITPR3;PTN002492399;orthologs","INOSITOL 1,4,5-TRISPHOSPHATE RECEPTOR TYPE 3 (PTHR13715:SF51)","ligand-gated ion channel(PC00141)","Homo sapiens","2","1","false","ITPR3","2.0","0","2","0","1.0","false","0","ITPR3","0","1.0"
"7.02112676056338","0.06842473279392668","0.1424272818455366","0.3333333333333333","HUMAN|HGNC=6307|UniProtKB=P35968","Vascular endothelial growth factor receptor 2;KDR;PTN002521309;orthologs","VASCULAR ENDOTHELIAL GROWTH FACTOR RECEPTOR 2 (PTHR24416:SF45)","transmembrane signal receptor(PC00197)","Homo sapiens","3","13","false","KDR","6.666666666666667","0","3","0","0.8327464788732395","false","0","KDR","10080","0.4222222222222222"
"6.528169014084507","0.030866047347917293","0.15318230852211434","0.0","HUMAN|HGNC=7808|UniProtKB=P01138","Beta-nerve growth factor;NGF;PTN002480696;orthologs","BETA-NERVE GROWTH FACTOR (PTHR11589:SF10)","neurotrophic factor(PC00163)","Homo sapiens","2","12","false","NGF","3.0","0","2","0","0.8464397496087637","false","0","NGF","1734","0.5"
"1.0","0.0","1.0","1.0","HUMAN|HGNC=13356|UniProtKB=Q9GZU1","Mucolipin-1;MCOLN1;PTN002486294;orthologs","MUCOLIPIN-1 (PTHR12127:SF6)","ion channel(PC00133)","Homo sapiens","2","1","false","MCOLN1","2.0","0","2","0","1.0","false","0","MCOLN1","0","1.0"
"1.0","0.0","1.0","1.0","HUMAN|HGNC=13358|UniProtKB=Q8TDD5","Mucolipin-3;MCOLN3;PTN002486295;orthologs","MUCOLIPIN-3 (PTHR12127:SF5)","ion channel(PC00133)","Homo sapiens","2","1","false","MCOLN3","2.0","0","2","0","1.0","false","0","MCOLN3","0","1.0"
"1.0","0.0","1.0","1.0","HUMAN|HGNC=13357|UniProtKB=Q8IZK6","Mucolipin-2;MCOLN2;PTN002486293;orthologs","MUCOLIPIN-2 (PTHR12127:SF4)","ion channel(PC00133)","Homo sapiens","2","1","false","MCOLN2","2.0","0","2","0","1.0","false","0","MCOLN2","0","1.0"
"1.0","0.0","1.0","0.0","HUMAN|HGNC=7380|UniProtKB=P26927","Hepatocyte growth factor-like protein;MST1;PTN002543446;orthologs","HEPATOCYTE GROWTH FACTOR-LIKE PROTEIN-RELATED (PTHR24261:SF12)","serine protease(PC00203)","Homo sapiens","1","1","false","MST1","1.0","0","1","0","1.0","false","0","MST1","0","0.0"
"1.0","0.0","1.0","0.0","HUMAN|HGNC=7381|UniProtKB=Q04912","Macrophage-stimulating protein receptor;MST1R;PTN002521396;orthologs","MACROPHAGE-STIMULATING PROTEIN RECEPTOR (PTHR24416:SF564)","transmembrane signal receptor(PC00197)","Homo sapiens","1","1","false","MST1R","1.0","0","1","0","1.0","false","0","MST1R","0","0.0"
"6.091549295774648","0.041654180401558286","0.16416184971098266","0.3333333333333333","HUMAN|HGNC=7775|UniProtKB=O95644","Nuclear factor of activated T-cells, cytoplasmic 1;NFATC1;PTN002488615;orthologs","NUCLEAR FACTOR OF ACTIVATED T-CELLS, CYTOPLASMIC 1 (PTHR12533:SF5)","Rel homology transcription factor(PC00252)","Homo sapiens","4","13","false","NFATC1","5.0","0","4","0","0.8585680751173709","false","0","NFATC1","5040","0.45454545454545453"
"7.063380281690141","0.006992308460693238","0.1415752741774676","0.6666666666666666","HUMAN|HGNC=7777|UniProtKB=Q12968","Nuclear factor of activated T-cells, cytoplasmic 3;NFATC3;PTN002488613;orthologs","NUCLEAR FACTOR OF ACTIVATED T-CELLS, CYTOPLASMIC 3 (PTHR12533:SF6)","Rel homology transcription factor(PC00252)","Homo sapiens","3","14","false","NFATC3","3.0","0","3","0","0.8315727699530516","false","0","NFATC3","1262","0.6"
"7.063380281690141","0.006992308460693238","0.1415752741774676","0.6666666666666666","HUMAN|HGNC=7776|UniProtKB=Q13469","Nuclear factor of activated T-cells, cytoplasmic 2;NFATC2;PTN002488611;orthologs","NUCLEAR FACTOR OF ACTIVATED T-CELLS, CYTOPLASMIC 2 (PTHR12533:SF4)","Rel homology transcription factor(PC00252)","Homo sapiens","3","14","false","NFATC2","3.0","0","3","0","0.8315727699530516","false","0","NFATC2","1262","0.6"
"8.049295774647888","0.0","0.1242344706911636","1.0","HUMAN|HGNC=7778|UniProtKB=Q14934","Nuclear factor of activated T-cells, cytoplasmic 4;NFATC4;PTN002488614;orthologs","NUCLEAR FACTOR OF ACTIVATED T-CELLS, CYTOPLASMIC 4 (PTHR12533:SF11)","Rel homology transcription factor(PC00252)","Homo sapiens","2","15","false","NFATC4","3.0","0","2","0","0.8041862284820032","false","0","NFATC4","0","1.0"
"6.183098591549296","0.0","0.16173120728929385","1.0","HUMAN|HGNC=28185|UniProtKB=Q9BRQ5","Protein orai-3;ORAI3;PTN002526859;orthologs","PROTEIN ORAI-3 (PTHR31501:SF6)","ion channel(PC00133)","Homo sapiens","2","13","false","ORAI3","4.5","0","2","0","0.8560250391236307","false","0","ORAI3","0","0.75"
"6.176056338028169","4.9945060433523126E-5","0.1619156214367161","0.6666666666666666","HUMAN|HGNC=21667|UniProtKB=Q96SN7","Protein orai-2;ORAI2;PTN002526861;orthologs","PROTEIN ORAI-2 (PTHR31501:SF5)","ion channel(PC00133)","Homo sapiens","3","13","false","ORAI2","3.3333333333333335","0","3","0","0.8562206572769954","false","0","ORAI2","2","0.5555555555555556"
"6.183098591549296","0.0","0.16173120728929385","1.0","HUMAN|HGNC=11386|UniProtKB=Q13586","Stromal interaction molecule 1;STIM1;PTN002495539;orthologs","STROMAL INTERACTION MOLECULE 1 (PTHR15136:SF9)",,"Homo sapiens","2","13","false","STIM1","4.5","0","2","0","0.8560250391236307","false","0","STIM1","0","0.75"
"1.0","0.0","1.0","1.0","HUMAN|HGNC=8774|UniProtKB=P54750","Dual specificity calcium_calmodulin-dependent 3',5'-cyclic nucleotide phosphodiesterase 1A;PDE1A;PTN002478136;orthologs","DUAL SPECIFICITY CALCIUM_CALMODULIN-DEPENDENT 3',5'-CYCLIC NUCLEOTIDE PHOSPHODIESTERASE 1A (PTHR11347:SF34)","phosphodiesterase(PC00185)","Homo sapiens","2","1","false","PDE1A","2.0","0","2","0","1.0","false","0","PDE1A","0","1.0"
"1.0","0.0","1.0","1.0","HUMAN|HGNC=8775|UniProtKB=Q01064","Dual specificity calcium_calmodulin-dependent 3',5'-cyclic nucleotide phosphodiesterase 1B;PDE1B;PTN002478137;orthologs","DUAL SPECIFICITY CALCIUM_CALMODULIN-DEPENDENT 3',5'-CYCLIC NUCLEOTIDE PHOSPHODIESTERASE 1B (PTHR11347:SF194)","phosphodiesterase(PC00185)","Homo sapiens","2","1","false","PDE1B","2.0","0","2","0","1.0","false","0","PDE1B","0","1.0"
"1.0","0.0","1.0","1.0","HUMAN|HGNC=8776|UniProtKB=Q14123","Dual specificity calcium_calmodulin-dependent 3',5'-cyclic nucleotide phosphodiesterase 1C;PDE1C;PTN002478138;orthologs","DUAL SPECIFICITY CALCIUM_CALMODULIN-DEPENDENT 3',5'-CYCLIC NUCLEOTIDE PHOSPHODIESTERASE 1C (PTHR11347:SF32)","phosphodiesterase(PC00185)","Homo sapiens","2","1","false","PDE1C","2.0","0","2","0","1.0","false","0","PDE1C","0","1.0"
"1.0","0.0","1.0","1.0","HUMAN|HGNC=9060|UniProtKB=P51178","1-phosphatidylinositol 4,5-bisphosphate phosphodiesterase delta-1;PLCD1;PTN002470121;orthologs","1-PHOSPHATIDYLINOSITOL 4,5-BISPHOSPHATE PHOSPHODIESTERASE DELTA-1 (PTHR10336:SF210)","phospholipase(PC00186)","Homo sapiens","2","1","false","PLCD1","2.0","0","2","0","1.0","false","0","PLCD1","0","1.0"
"1.0","0.0","1.0","1.0","HUMAN|HGNC=9062|UniProtKB=Q9BRC7","1-phosphatidylinositol 4,5-bisphosphate phosphodiesterase delta-4;PLCD4;PTN002470120;orthologs","1-PHOSPHATIDYLINOSITOL 4,5-BISPHOSPHATE PHOSPHODIESTERASE DELTA-4 (PTHR10336:SF31)","phospholipase(PC00186)","Homo sapiens","2","1","false","PLCD4","2.0","0","2","0","1.0","false","0","PLCD4","0","1.0"
"1.0","0.0","1.0","1.0","HUMAN|HGNC=9061|UniProtKB=Q8N3E9","1-phosphatidylinositol 4,5-bisphosphate phosphodiesterase delta-3;PLCD3;PTN002470119;orthologs","1-PHOSPHATIDYLINOSITOL 4,5-BISPHOSPHATE PHOSPHODIESTERASE DELTA-3 (PTHR10336:SF33)","phospholipase(PC00186)","Homo sapiens","2","1","false","PLCD3","2.0","0","2","0","1.0","false","0","PLCD3","0","1.0"
"7.091549295774648","0.0","0.141012909632572","0.0","HUMAN|HGNC=9066|UniProtKB=P16885","1-phosphatidylinositol 4,5-bisphosphate phosphodiesterase gamma-2;PLCG2;PTN002470108;orthologs","1-PHOSPHATIDYLINOSITOL 4,5-BISPHOSPHATE PHOSPHODIESTERASE GAMMA-2 (PTHR10336:SF25)","phospholipase(PC00186)","Homo sapiens","1","13","false","PLCG2","12.0","0","1","0","0.8307902973395931","false","0","PLCG2","0","0.0"
"1.0","0.0","1.0","1.0","HUMAN|HGNC=9259|UniProtKB=P30405","Peptidyl-prolyl cis-trans isomerase F, mitochondrial;PPIF;PTN002476255;orthologs","PEPTIDYL-PROLYL CIS-TRANS ISOMERASE F, MITOCHONDRIAL (PTHR11071:SF408)","chaperone(PC00072)","Homo sapiens","7","1","false","PPIF","7.0","0","7","0","1.0","false","0","PPIF","0","1.0"
"1.0","0.0","1.0","1.0","HUMAN|HGNC=12672|UniProtKB=P45880","Voltage-dependent anion-selective channel protein 2;VDAC2;PTN002482768;orthologs","VOLTAGE-DEPENDENT ANION-SELECTIVE CHANNEL PROTEIN 2 (PTHR11743:SF12)","voltage-gated ion channel(PC00241)","Homo sapiens","7","1","false","VDAC2","7.0","0","7","0","1.0","false","0","VDAC2","0","1.0"
"1.0","0.0","1.0","1.0","HUMAN|HGNC=25319|UniProtKB=Q9H0C2","ADP_ATP translocase 4;SLC25A31;PTN002515457;orthologs","ADP_ATP TRANSLOCASE 4 (PTHR45635:SF40)","transfer/carrier protein(PC00219)","Homo sapiens","7","1","false","SLC25A31","7.0","0","7","0","1.0","false","0","SLC25A31","0","1.0"
"1.0","0.0","1.0","1.0","HUMAN|HGNC=10991|UniProtKB=P05141","ADP_ATP translocase 2;SLC25A5;PTN002515469;orthologs","ADP_ATP TRANSLOCASE 2 (PTHR45635:SF3)","transfer/carrier protein(PC00219)","Homo sapiens","7","1","false","SLC25A5","7.0","0","7","0","1.0","false","0","SLC25A5","0","1.0"
"1.0","0.0","1.0","1.0","HUMAN|HGNC=10992|UniProtKB=P12236","ADP_ATP translocase 3;SLC25A6;PTN002515466;orthologs","ADP_ATP TRANSLOCASE 3 (PTHR45635:SF13)","transfer/carrier protein(PC00219)","Homo sapiens","7","1","false","SLC25A6","7.0","0","7","0","1.0","false","0","SLC25A6","0","1.0"
"1.0","0.0","1.0","1.0","HUMAN|HGNC=12674|UniProtKB=Q9Y277","Voltage-dependent anion-selective channel protein 3;VDAC3;PTN002482765;orthologs","VOLTAGE-DEPENDENT ANION-SELECTIVE CHANNEL PROTEIN 3 (PTHR11743:SF28)","voltage-gated ion channel(PC00241)","Homo sapiens","7","1","false","VDAC3","7.0","0","7","0","1.0","false","0","VDAC3","0","1.0"
"1.0","0.0","1.0","1.0","HUMAN|HGNC=10990|UniProtKB=P12235","ADP_ATP translocase 1;SLC25A4;PTN002515459;orthologs","ADP_ATP TRANSLOCASE 1 (PTHR45635:SF32)","transfer/carrier protein(PC00219)","Homo sapiens","7","1","false","SLC25A4","7.0","0","7","0","1.0","false","0","SLC25A4","0","1.0"
"1.0","0.0","1.0","1.0","HUMAN|HGNC=12669|UniProtKB=P21796","Voltage-dependent anion-selective channel protein 1;VDAC1;PTN002482764;orthologs","VOLTAGE-DEPENDENT ANION-SELECTIVE CHANNEL PROTEIN 1 (PTHR11743:SF13)","voltage-gated ion channel(PC00241)","Homo sapiens","7","1","false","VDAC1","7.0","0","7","0","1.0","false","0","VDAC1","0","1.0"
"6.119718309859155","0.0","0.16340621403912542","1.0","HUMAN|HGNC=9318|UniProtKB=Q96LZ3","Calcineurin subunit B type 2;PPP3R2;PTN002507479;orthologs","CALCINEURIN SUBUNIT B TYPE 2 (PTHR45942:SF2)",,"Homo sapiens","4","13","false","PPP3R2","6.25","0","4","0","0.8577856025039123","false","0","PPP3R2","0","0.78125"
"1.0","0.0","1.0","1.0","HUMAN|HGNC=9380|UniProtKB=P17612","cAMP-dependent protein kinase catalytic subunit alpha;PRKACA;PTN002519372;orthologs","CAMP-DEPENDENT PROTEIN KINASE CATALYTIC SUBUNIT ALPHA (PTHR24353:SF82)","non-receptor serine/threonine protein kinase(PC00167)","Homo sapiens","2","1","false","PRKACA","2.0","0","2","0","1.0","false","0","PRKACA","0","1.0"
"1.0","0.0","1.0","1.0","HUMAN|HGNC=9381|UniProtKB=P22694","cAMP-dependent protein kinase catalytic subunit beta;PRKACB;PTN002519370;orthologs","CAMP-DEPENDENT PROTEIN KINASE CATALYTIC SUBUNIT BETA (PTHR24353:SF150)","non-receptor serine/threonine protein kinase(PC00167)","Homo sapiens","2","1","false","PRKACB","2.0","0","2","0","1.0","false","0","PRKACB","0","1.0"
"1.0","0.0","1.0","1.0","HUMAN|HGNC=9382|UniProtKB=P22612","cAMP-dependent protein kinase catalytic subunit gamma;PRKACG;PTN002519371;orthologs","CAMP-DEPENDENT PROTEIN KINASE CATALYTIC SUBUNIT GAMMA (PTHR24353:SF137)","non-receptor serine/threonine protein kinase(PC00167)","Homo sapiens","2","1","false","PRKACG","2.0","0","2","0","1.0","false","0","PRKACG","0","1.0"
"1.0","0.0","1.0","1.0",,,,,,"2","1","false","PRKCA","2.0","0","2","0","1.0","false","0","PRKCA","0","1.0"
"1.0","0.0","1.0","1.0","HUMAN|HGNC=9402|UniProtKB=P05129","Protein kinase C gamma type;PRKCG;PTN002519430;orthologs","PROTEIN KINASE C GAMMA TYPE (PTHR24356:SF162)","non-receptor serine/threonine protein kinase(PC00167)","Homo sapiens","2","1","false","PRKCG","2.0","0","2","0","1.0","false","0","PRKCG","0","1.0"
"1.0","0.0","1.0","1.0","HUMAN|HGNC=9395|UniProtKB=P05771","Protein kinase C beta type;PRKCB;PTN002519429;orthologs","PROTEIN KINASE C BETA TYPE (PTHR24356:SF158)","non-receptor serine/threonine protein kinase(PC00167)","Homo sapiens","2","1","false","PRKCB","2.0","0","2","0","1.0","false","0","PRKCB","0","1.0"
"1.0","0.0","1.0","1.0","HUMAN|HGNC=11068|UniProtKB=P32418","Sodium_calcium exchanger 1;SLC8A1;PTN002484157;orthologs","SODIUM_CALCIUM EXCHANGER 1 (PTHR11878:SF6)","secondary carrier transporter(PC00258)","Homo sapiens","2","1","false","SLC8A1","2.0","0","2","0","1.0","false","0","SLC8A1","0","1.0"
"1.0","0.0","1.0","1.0","HUMAN|HGNC=11069|UniProtKB=Q9UPR5","Sodium_calcium exchanger 2;SLC8A2;PTN002484156;orthologs","SODIUM_CALCIUM EXCHANGER 2 (PTHR11878:SF8)","secondary carrier transporter(PC00258)","Homo sapiens","2","1","false","SLC8A2","2.0","0","2","0","1.0","false","0","SLC8A2","0","1.0"
"1.0","0.0","1.0","1.0","HUMAN|HGNC=11070|UniProtKB=P57103","Sodium_calcium exchanger 3;SLC8A3;PTN002484155;orthologs","SODIUM_CALCIUM EXCHANGER 3 (PTHR11878:SF7)","secondary carrier transporter(PC00258)","Homo sapiens","2","1","false","SLC8A3","2.0","0","2","0","1.0","false","0","SLC8A3","0","1.0"
"1.0","0.0","1.0","0.0","HUMAN|HGNC=11240|UniProtKB=Q9NYA1","Sphingosine kinase 1;SPHK1;PTN002487714;orthologs","SPHINGOSINE KINASE 1 (PTHR12358:SF47)","kinase(PC00137)","Homo sapiens","1","1","false","SPHK1","1.0","0","1","0","1.0","false","0","SPHK1","0","0.0"
"1.0","0.0","1.0","0.0","HUMAN|HGNC=18859|UniProtKB=Q9NRA0","Sphingosine kinase 2;SPHK2;PTN002487715;orthologs","SPHINGOSINE KINASE 2 (PTHR12358:SF40)","kinase(PC00137)","Homo sapiens","1","1","false","SPHK2","1.0","0","1","0","1.0","false","0","SPHK2","0","0.0"
"1.0","0.0","1.0","0.0","HUMAN|HGNC=11947|UniProtKB=P19429","Troponin I, cardiac muscle;TNNI3;PTN002492535;orthologs","TROPONIN I, CARDIAC MUSCLE (PTHR13738:SF2)","non-motor actin binding protein(PC00165)","Homo sapiens","1","1","false","TNNC1","1.0","0","1","0","1.0","false","0","TNNC1","0","0.0"
"1.0","0.0","1.0","0.0","HUMAN|HGNC=11944|UniProtKB=P02585","Troponin C, skeletal muscle;TNNC2;PTN002507515;orthologs","TROPONIN C, SKELETAL MUSCLE (PTHR23064:SF72)","actin or actin-binding cytoskeletal protein(PC00041)","Homo sapiens","1","1","false","TNNC2","1.0","0","1","0","1.0","false","0","TNNC2","0","0.0"
"1.0","0.0","1.0","0.0","HUMAN|HGNC=18182|UniProtKB=Q9ULQ1","Two pore channel protein 1;TPCN1;PTN002467469;orthologs","TWO PORE CHANNEL PROTEIN 1 (PTHR46474:SF1)","ion channel(PC00133)","Homo sapiens","1","1","false","TPCN1","1.0","0","1","0","1.0","false","0","TPCN1","0","0.0"
"1.0","0.0","1.0","0.0","HUMAN|HGNC=20820|UniProtKB=Q8NHX9","Two pore channel protein 2;TPCN2;PTN002467464;orthologs","TWO PORE CHANNEL PROTEIN 2 (PTHR46768:SF1)","ion channel(PC00133)","Homo sapiens","1","1","false","TPCN2","1.0","0","1","0","1.0","false","0","TPCN2","0","0.0"
