#node1	node2	node1_string_id	node2_string_id	homology	experimentally_determined_interaction	database_annotated	automated_textmining	combined_score
ACTB	VCL	9606.ENSP00000494750	9606.ENSP00000211998	0	0.097	0.900	0	0.905
ACTB	ACTN4	9606.ENSP00000494750	9606.ENSP00000252699	0	0.178	0.900	0	0.914
ACTB	IQGAP1	9606.ENSP00000494750	9606.ENSP00000268182	0	0.457	0.900	0	0.943
ACTB	MYL9	9606.ENSP00000494750	9606.ENSP00000279022	0	0	0.900	0	0.900
ACTB	CTNNA1	9606.ENSP00000494750	9606.ENSP00000304669	0	0.100	0.900	0	0.906
ACTB	BAIAP2	9606.ENSP00000494750	9606.ENSP00000316338	0	0.456	0.500	0	0.716
ACTB	TJP1	9606.ENSP00000494750	9606.ENSP00000348416	0	0.331	0.900	0	0.930
ACTB	AFDN	9606.ENSP00000494750	9606.ENSP00000355771	0	0	0.900	0	0.900
ACTB	WAS	9606.ENSP00000494750	9606.ENSP00000365891	0	0.049	0.900	0	0.900
ACTB	ACTN1	9606.ENSP00000494750	9606.ENSP00000377941	0	0.345	0.900	0	0.931
ACTB	CTNNA2	9606.ENSP00000494750	9606.ENSP00000384638	0	0	0.900	0	0.900
ACTB	CTNNA3	9606.ENSP00000494750	9606.ENSP00000389714	0	0	0.900	0	0.900
ACTB	ACTG1	9606.ENSP00000494750	9606.ENSP00000458162	0	0.962	0.900	0	0.996
ACTB	CDC42	9606.ENSP00000494750	9606.ENSP00000497733	0	0	0.900	0	0.900
ACTG1	VCL	9606.ENSP00000458162	9606.ENSP00000211998	0	0.223	0.900	0	0.918
ACTG1	WASL	9606.ENSP00000458162	9606.ENSP00000223023	0	0.609	0.500	0	0.796
ACTG1	ACTN4	9606.ENSP00000458162	9606.ENSP00000252699	0	0	0.900	0	0.900
ACTG1	IQGAP1	9606.ENSP00000458162	9606.ENSP00000268182	0	0.163	0.900	0	0.912
ACTG1	MYL9	9606.ENSP00000458162	9606.ENSP00000279022	0	0	0.900	0	0.900
ACTG1	CTNNA1	9606.ENSP00000458162	9606.ENSP00000304669	0	0	0.900	0	0.900
ACTG1	TJP1	9606.ENSP00000458162	9606.ENSP00000348416	0	0	0.900	0	0.900
ACTG1	AFDN	9606.ENSP00000458162	9606.ENSP00000355771	0	0	0.900	0	0.900
ACTG1	WAS	9606.ENSP00000458162	9606.ENSP00000365891	0	0.049	0.900	0	0.900
ACTG1	ACTN1	9606.ENSP00000458162	9606.ENSP00000377941	0	0	0.900	0	0.900
ACTG1	CTNNA2	9606.ENSP00000458162	9606.ENSP00000384638	0	0	0.900	0	0.900
ACTG1	CTNNA3	9606.ENSP00000458162	9606.ENSP00000389714	0	0	0.900	0	0.900
ACTG1	CDC42	9606.ENSP00000458162	9606.ENSP00000497733	0	0	0.900	0	0.900
ACTN1	VCL	9606.ENSP00000377941	9606.ENSP00000211998	0	0.902	0.900	0	0.989
ACTN1	ACTN4	9606.ENSP00000377941	9606.ENSP00000252699	0	0.933	0.900	0	0.993
ACTN1	CTNNA1	9606.ENSP00000377941	9606.ENSP00000304669	0	0.548	0.900	0	0.952
ACTN1	SSX2IP	9606.ENSP00000377941	9606.ENSP00000340279	0	0.292	0.900	0	0.926
ACTN1	LMO7	9606.ENSP00000377941	9606.ENSP00000366757	0	0	0.900	0	0.900
ACTN1	CTNNA2	9606.ENSP00000377941	9606.ENSP00000384638	0	0	0.900	0	0.900
ACTN1	CTNNA3	9606.ENSP00000377941	9606.ENSP00000389714	0	0	0.900	0	0.900
ACTN4	VCL	9606.ENSP00000252699	9606.ENSP00000211998	0	0.902	0.900	0	0.989
ACTN4	SSX2IP	9606.ENSP00000252699	9606.ENSP00000340279	0	0	0.900	0	0.900
ACTN4	CTNNA2	9606.ENSP00000252699	9606.ENSP00000384638	0	0	0.900	0	0.900
ACTN4	CTNNA3	9606.ENSP00000252699	9606.ENSP00000389714	0	0	0.900	0	0.900
ACTN4	CTNNA1	9606.ENSP00000252699	9606.ENSP00000304669	0	0	0.900	0	0.900
ACTN4	LMO7	9606.ENSP00000252699	9606.ENSP00000366757	0	0.214	0.900	0	0.918
AFDN	RAP1B	9606.ENSP00000355771	9606.ENSP00000250559	0	0	0.900	0	0.900
AFDN	NECTIN2	9606.ENSP00000355771	9606.ENSP00000252483	0	0.457	0.900	0	0.943
AFDN	NECTIN1	9606.ENSP00000355771	9606.ENSP00000264025	0	0.457	0.900	0	0.943
AFDN	CTNNA1	9606.ENSP00000355771	9606.ENSP00000304669	0	0.457	0.900	0	0.943
AFDN	SSX2IP	9606.ENSP00000355771	9606.ENSP00000340279	0	0.292	0.900	0	0.926
AFDN	TJP1	9606.ENSP00000355771	9606.ENSP00000348416	0	0.457	0.900	0	0.943
AFDN	CTNNA3	9606.ENSP00000355771	9606.ENSP00000389714	0	0	0.900	0	0.900
AFDN	CTNNA2	9606.ENSP00000355771	9606.ENSP00000384638	0	0	0.900	0	0.900
AFDN	RAP1A	9606.ENSP00000355771	9606.ENSP00000358723	0	0.292	0.900	0	0.926
AFDN	LMO7	9606.ENSP00000355771	9606.ENSP00000366757	0	0	0.900	0	0.900
AFDN	NECTIN4	9606.ENSP00000355771	9606.ENSP00000356991	0	0.230	0.900	0	0.919
AFDN	SORBS1	9606.ENSP00000355771	9606.ENSP00000360293	0	0.330	0.900	0	0.930
AFDN	NECTIN3	9606.ENSP00000355771	9606.ENSP00000418070	0	0.457	0.900	0	0.943
BAIAP2	WASF3	9606.ENSP00000316338	9606.ENSP00000335055	0	0	0.800	0	0.800
BAIAP2	RAC1	9606.ENSP00000316338	9606.ENSP00000348461	0	0.622	0.500	0	0.803
BAIAP2	WASF1	9606.ENSP00000316338	9606.ENSP00000376367	0	0.626	0.800	0	0.922
BAIAP2	CDC42	9606.ENSP00000316338	9606.ENSP00000497733	0	0.711	0.400	0	0.819
BAIAP2	WASF2	9606.ENSP00000316338	9606.ENSP00000483313	0	0.680	0.800	0	0.933
CCM2	PDCD10	9606.ENSP00000370503	9606.ENSP00000376506	0	0.943	0	0	0.943
CCM2	KRIT1	9606.ENSP00000370503	9606.ENSP00000378015	0	0.963	0	0	0.963
CDC42	WASL	9606.ENSP00000497733	9606.ENSP00000223023	0	0.458	0.900	0	0.943
CDC42	RAC2	9606.ENSP00000497733	9606.ENSP00000249071	0	0.164	0.900	0	0.912
CDC42	IQGAP1	9606.ENSP00000497733	9606.ENSP00000268182	0	0.631	0.800	0	0.923
CDC42	RAC3	9606.ENSP00000497733	9606.ENSP00000304283	0	0.164	0.900	0	0.912
CDC42	RAC1	9606.ENSP00000497733	9606.ENSP00000348461	0	0.165	0.700	0	0.738
CDC42	PARD3	9606.ENSP00000497733	9606.ENSP00000363921	0	0.163	0.800	0	0.825
CDC42	WAS	9606.ENSP00000497733	9606.ENSP00000365891	0	0.956	0.800	0	0.990
CDC42	RHOA	9606.ENSP00000497733	9606.ENSP00000400175	0	0.165	0.900	0	0.912
CDH1	CTNNA2	9606.ENSP00000261769	9606.ENSP00000384638	0	0.181	0.900	0	0.914
CDH1	CTNNA3	9606.ENSP00000261769	9606.ENSP00000389714	0	0.352	0.900	0	0.932
CDH1	CTNNA1	9606.ENSP00000261769	9606.ENSP00000304669	0	0.549	0.900	0	0.952
CDH1	CTNND1	9606.ENSP00000261769	9606.ENSP00000382004	0	0.647	0.720	0	0.897
CDH1	CTNNB1	9606.ENSP00000261769	9606.ENSP00000495360	0	0.962	0.900	0	0.996
CDH5	CTNNA1	9606.ENSP00000497290	9606.ENSP00000304669	0	0.457	0.800	0	0.886
CDH5	CTNND1	9606.ENSP00000497290	9606.ENSP00000382004	0	0.457	0.900	0	0.943
CDH5	CTNNB1	9606.ENSP00000497290	9606.ENSP00000495360	0	0.534	0.900	0	0.951
CREBBP	TCF7L1	9606.ENSP00000262367	9606.ENSP00000282111	0	0	0.900	0	0.900
CREBBP	TCF7	9606.ENSP00000262367	9606.ENSP00000340347	0	0	0.900	0	0.900
CREBBP	LEF1	9606.ENSP00000262367	9606.ENSP00000265165	0	0	0.900	0	0.900
CREBBP	TCF7L2	9606.ENSP00000262367	9606.ENSP00000486891	0	0	0.900	0	0.900
CREBBP	CTNNB1	9606.ENSP00000262367	9606.ENSP00000495360	0	0.457	0.500	0	0.716
CREBBP	EP300	9606.ENSP00000262367	9606.ENSP00000263253	0	0.457	0.900	0	0.943
CSNK2A1	CSNK2A3	9606.ENSP00000217244	9606.ENSP00000473553	0	0	0.900	0	0.900
CSNK2A1	CSNK2A2	9606.ENSP00000217244	9606.ENSP00000262506	0	0.614	0.900	0	0.959
CSNK2A1	CSNK2B	9606.ENSP00000217244	9606.ENSP00000365042	0	0.976	0.900	0	0.997
CSNK2A2	CSNK2A3	9606.ENSP00000262506	9606.ENSP00000473553	0	0	0.900	0	0.900
CSNK2A2	CSNK2B	9606.ENSP00000262506	9606.ENSP00000365042	0	0.693	0.900	0	0.967
CSNK2A3	CSNK2B	9606.ENSP00000473553	9606.ENSP00000365042	0	0.325	0.900	0	0.929
CTNNA1	VCL	9606.ENSP00000304669	9606.ENSP00000211998	0	0.965	0.900	0	0.996
CTNNA1	CTNNA3	9606.ENSP00000304669	9606.ENSP00000389714	0	0.292	0.900	0	0.926
CTNNA1	TJP1	9606.ENSP00000304669	9606.ENSP00000348416	0	0.441	0.900	0	0.941
CTNNA1	CTNNA2	9606.ENSP00000304669	9606.ENSP00000384638	0	0.669	0.900	0	0.965
CTNNA1	CTNND1	9606.ENSP00000304669	9606.ENSP00000382004	0	0.415	0.900	0	0.938
CTNNA1	CTNNB1	9606.ENSP00000304669	9606.ENSP00000495360	0	0.787	0.900	0	0.977
CTNNA2	VCL	9606.ENSP00000384638	9606.ENSP00000211998	0	0.256	0.900	0	0.922
CTNNA2	TJP1	9606.ENSP00000384638	9606.ENSP00000348416	0	0	0.900	0	0.900
CTNNA2	CTNNA3	9606.ENSP00000384638	9606.ENSP00000389714	0	0	0.900	0	0.900
CTNNA2	CTNNB1	9606.ENSP00000384638	9606.ENSP00000495360	0	0.747	0.900	0	0.973
CTNNA3	VCL	9606.ENSP00000389714	9606.ENSP00000211998	0	0.256	0.900	0	0.922
CTNNA3	TJP1	9606.ENSP00000389714	9606.ENSP00000348416	0	0	0.900	0	0.900
CTNNA3	CTNNB1	9606.ENSP00000389714	9606.ENSP00000495360	0	0.743	0.900	0	0.973
CTNNB1	EP300	9606.ENSP00000495360	9606.ENSP00000263253	0	0.457	0.500	0	0.716
CTNNB1	LEF1	9606.ENSP00000495360	9606.ENSP00000265165	0	0.961	0.900	0	0.996
CTNNB1	IQGAP1	9606.ENSP00000495360	9606.ENSP00000268182	0	0.457	0.500	0	0.716
CTNNB1	TCF7L1	9606.ENSP00000495360	9606.ENSP00000282111	0	0.729	0.900	0	0.971
CTNNB1	SMAD3	9606.ENSP00000495360	9606.ENSP00000332973	0	0.457	0.800	0	0.886
CTNNB1	TCF7	9606.ENSP00000495360	9606.ENSP00000340347	0	0.639	0.900	0	0.962
CTNNB1	CTNND1	9606.ENSP00000495360	9606.ENSP00000382004	0	0.668	0.900	0	0.965
CTNNB1	TCF7L2	9606.ENSP00000495360	9606.ENSP00000486891	0	0.971	0.900	0	0.997
EGFR	ERBB2	9606.ENSP00000275493	9606.ENSP00000269571	0	0.964	0.900	0	0.996
EP300	TCF7	9606.ENSP00000263253	9606.ENSP00000340347	0	0	0.900	0	0.900
EP300	TCF7L1	9606.ENSP00000263253	9606.ENSP00000282111	0	0	0.900	0	0.900
EP300	TCF7L2	9606.ENSP00000263253	9606.ENSP00000486891	0	0.292	0.900	0	0.926
EP300	SMAD4	9606.ENSP00000263253	9606.ENSP00000341551	0	0.457	0.500	0	0.716
EP300	LEF1	9606.ENSP00000263253	9606.ENSP00000265165	0	0.292	0.900	0	0.926
EP300	SMAD3	9606.ENSP00000263253	9606.ENSP00000332973	0	0.457	0.500	0	0.716
FARP2	SRC	9606.ENSP00000264042	9606.ENSP00000362680	0	0	0.800	0	0.800
FYN	YES1	9606.ENSP00000346671	9606.ENSP00000462468	0	0.915	0.800	0	0.982
FYN	SRC	9606.ENSP00000346671	9606.ENSP00000362680	0	0.897	0.900	0	0.989
HEG1	RAP1B	9606.ENSP00000311502	9606.ENSP00000250559	0	0.800	0	0	0.800
HEG1	KRIT1	9606.ENSP00000311502	9606.ENSP00000378015	0	0.960	0	0	0.960
IGF1R	INSR	9606.ENSP00000497069	9606.ENSP00000303830	0	0.927	0.900	0	0.992
IGF1R	PTPN1	9606.ENSP00000497069	9606.ENSP00000360683	0	0.946	0	0	0.946
INSR	PTPN1	9606.ENSP00000303830	9606.ENSP00000360683	0	0.960	0	0	0.960
IQGAP1	RAC1	9606.ENSP00000268182	9606.ENSP00000348461	0	0.604	0.700	0	0.876
KRIT1	RAP1B	9606.ENSP00000378015	9606.ENSP00000250559	0	0.946	0	0	0.946
LEF1	TCF7L2	9606.ENSP00000265165	9606.ENSP00000486891	0	0.457	0.540	0	0.739
MAPK1	MAPK3	9606.ENSP00000215832	9606.ENSP00000263025	0	0.633	0.900	0	0.961
MAPK3	SRC	9606.ENSP00000263025	9606.ENSP00000362680	0	0.457	0.500	0	0.716
MYL12A	MYL9	9606.ENSP00000464359	9606.ENSP00000279022	0	0.620	0.900	0	0.960
MYL12A	MYL12B	9606.ENSP00000464359	9606.ENSP00000463559	0	0	0.900	0	0.900
MYL12B	MYL9	9606.ENSP00000463559	9606.ENSP00000279022	0	0.616	0.900	0	0.959
MYL5	MYL9	9606.ENSP00000383023	9606.ENSP00000279022	0	0	0.720	0	0.720
MYL5	MYLPF	9606.ENSP00000383023	9606.ENSP00000325239	0	0	0.720	0	0.720
MYL9	MYLPF	9606.ENSP00000279022	9606.ENSP00000325239	0	0	0.720	0	0.720
NECTIN1	NECTIN2	9606.ENSP00000264025	9606.ENSP00000252483	0	0	0.900	0	0.900
NECTIN1	NECTIN4	9606.ENSP00000264025	9606.ENSP00000356991	0	0.549	0.900	0	0.952
NECTIN1	NECTIN3	9606.ENSP00000264025	9606.ENSP00000418070	0	0.671	0.900	0	0.965
NECTIN2	NECTIN4	9606.ENSP00000252483	9606.ENSP00000356991	0	0.188	0.900	0	0.915
NECTIN2	NECTIN3	9606.ENSP00000252483	9606.ENSP00000418070	0	0.549	0.900	0	0.952
NECTIN3	NECTIN4	9606.ENSP00000418070	9606.ENSP00000356991	0	0	0.900	0	0.900
PTPN1	PTPRF	9606.ENSP00000360683	9606.ENSP00000353030	0	0	0.900	0	0.900
RAC1	RAC2	9606.ENSP00000348461	9606.ENSP00000249071	0	0.607	0.540	0	0.811
RAC1	RAC3	9606.ENSP00000348461	9606.ENSP00000304283	0	0.653	0.540	0	0.833
RAC1	WASF1	9606.ENSP00000348461	9606.ENSP00000376367	0	0.457	0.500	0	0.716
RAC2	RHOA	9606.ENSP00000249071	9606.ENSP00000400175	0	0.165	0.900	0	0.912
RAC2	RAC3	9606.ENSP00000249071	9606.ENSP00000304283	0	0.661	0.900	0	0.964
RAC3	RHOA	9606.ENSP00000304283	9606.ENSP00000400175	0	0	0.900	0	0.900
RAP1A	RAP1B	9606.ENSP00000358723	9606.ENSP00000250559	0	0	0.900	0	0.900
RAP1B	RASIP1	9606.ENSP00000250559	9606.ENSP00000222145	0	0.900	0	0	0.900
RHOA	ROCK2	9606.ENSP00000400175	9606.ENSP00000317985	0	0.469	0.900	0	0.944
RHOA	SMURF1	9606.ENSP00000400175	9606.ENSP00000354621	0	0.457	0.500	0	0.716
RHOA	ROCK1	9606.ENSP00000400175	9606.ENSP00000382697	0	0.720	0.900	0	0.970
ROCK1	ROCK2	9606.ENSP00000382697	9606.ENSP00000317985	0	0.664	0.900	0	0.964
SMAD3	SMURF2	9606.ENSP00000332973	9606.ENSP00000262435	0	0.608	0.400	0	0.754
SMAD3	SMAD4	9606.ENSP00000332973	9606.ENSP00000341551	0	0.963	0.900	0	0.996
SMAD4	SMURF2	9606.ENSP00000341551	9606.ENSP00000262435	0	0.433	0.500	0	0.704
SMURF1	SMURF2	9606.ENSP00000354621	9606.ENSP00000262435	0	0.671	0.900	0	0.965
SMURF1	TGFBR2	9606.ENSP00000354621	9606.ENSP00000351905	0	0.457	0.500	0	0.716
SMURF1	TGFBR1	9606.ENSP00000354621	9606.ENSP00000447297	0	0.457	0.500	0	0.716
SMURF2	TGFBR2	9606.ENSP00000262435	9606.ENSP00000351905	0	0.457	0.500	0	0.716
SMURF2	TGFBR1	9606.ENSP00000262435	9606.ENSP00000447297	0	0.457	0.800	0	0.886
SNAI1	SNAI2	9606.ENSP00000244050	9606.ENSP00000020945	0	0	0.800	0	0.800
SORBS1	VCL	9606.ENSP00000360293	9606.ENSP00000211998	0	0.480	0.900	0	0.945
SRC	YES1	9606.ENSP00000362680	9606.ENSP00000462468	0	0.866	0.800	0	0.972
TCF7	TCF7L1	9606.ENSP00000340347	9606.ENSP00000282111	0	0	0.900	0	0.900
TCF7	TCF7L2	9606.ENSP00000340347	9606.ENSP00000486891	0	0	0.900	0	0.900
TCF7L1	TCF7L2	9606.ENSP00000282111	9606.ENSP00000486891	0	0	0.900	0	0.900
TGFBR1	TGFBR2	9606.ENSP00000447297	9606.ENSP00000351905	0	0.943	0.900	0	0.994
VCL	WASL	9606.ENSP00000211998	9606.ENSP00000223023	0	0	0.900	0	0.900
WASF1	WASL	9606.ENSP00000376367	9606.ENSP00000223023	0	0.623	0.400	0	0.764
WASF1	WASF3	9606.ENSP00000376367	9606.ENSP00000335055	0	0.524	0.900	0	0.950
WASF1	WASF2	9606.ENSP00000376367	9606.ENSP00000483313	0	0.440	0.900	0	0.941
WASF2	WASL	9606.ENSP00000483313	9606.ENSP00000223023	0	0.614	0.400	0	0.758
WASF2	WASF3	9606.ENSP00000483313	9606.ENSP00000335055	0	0.436	0.900	0	0.941
